itemID,numFeature_1,numFeature_2,catFeature_1,catFeature_2,catFeature_3,catFeature_4,catFeature_5,catFeature_6
R31655,546370,230,Budget/Mid-Market Upscale,Freehold/Fee - Simple,Management,None,Brand_F,Location_Q
X03550,386186,165,Full Service Midscale,Freehold/Fee - Simple,None / Vacant Possession,Land Sale Only (Leasehold Land Tenure),Brand_J,Location_U
A14227,1139214,374,Full Service Upscale,Freehold/Fee - Simple,Brand; Management,Distressed; Re-Positioning Potential; Value Added Opportunity,Brand_B,Location_D
R14167,7322241,5374,Full Service Midscale,Freehold/Fee - Simple,None / Vacant Possession,Value Added Opportunity,Brand_D,Location_Z
G03138,733729,508,Full Service Upscale,NA,None / Vacant Possession,None,Brand_E,Location_N
O25834,327183,294,Full Service Upscale,NA,None / Vacant Possession,NA,Brand_I,Location_D
U01470,2146378,1998,Full Service Midscale,NA,Brand; Franchise,Conversion of Use,Brand_C,Location_B
I29136,515973,433,Full Service Midscale,Freehold/Fee - Simple,NA,Re-Positioning Potential; Value Added Opportunity,Brand_I,Location_D
I03671,819609,283,Budget/Mid-Market Midscale,Freehold/Fee - Simple,Brand; Management,Re-Positioning Potential,Brand_D,Location_Z
Y18905,2864238,462,Budget/Mid-Market Midscale,Freehold/Fee - Simple,None / Vacant Possession,None,Brand_H,Location_W
G14329,2027263,537,Full Service Midscale,Freehold/Fee - Simple,None / Vacant Possession,None,Brand_B,Location_D
Z11857,227121,310,Budget/Mid-Market Upscale,Freehold/Fee - Simple,Franchise,Land Sale Only (Leasehold Land Tenure),Brand_E,Location_N
S03422,867506,135,Full Service Upscale,Freehold/Fee - Simple,Leased Operating Interest,None,Brand_C,Location_B
G03962,5018990,820,Full Service Upscale,Freehold/Fee - Simple,Franchise,None,Brand_I,Location_D
N22155,4073413,202,Full Service Upscale,Freehold/Fee - Simple,Management,None,Brand_C,Location_B
S37230,738793,562,Full Service Luxury,Freehold/Fee - Simple,Brand,NA,Brand_A,Location_J
S19052,178232,614,Full Service Upscale,Freehold/Fee - Simple,None / Vacant Possession,None,Brand_F,Location_Q
T26538,878969,704,Full Service Upscale,Freehold/Fee - Simple,None / Vacant Possession,Value Added Opportunity,Brand_B,Location_D
B21908,1085312,802,Full Service Midscale,Leasehold,None / Vacant Possession,None,Brand_F,Location_Q
K33138,372080,748,Full Service Luxury,Freehold/Fee - Simple,Franchise,Value Added Opportunity,Brand_G,Location_R
K05824,1694934,63,Budget/Mid-Market Economy,Leasehold,None / Vacant Possession,Re-Positioning Potential; Value Added Opportunity,Brand_D,Location_Z
V12158,3192660,89,Full Service Upscale,Freehold/Fee - Simple,NA,Value Added Opportunity,Brand_J,Location_U
K19523,419196,206,Budget/Mid-Market Economy,Leasehold,None / Vacant Possession,Re-Positioning Potential; Value Added Opportunity,Brand_G,Location_R
Y34650,521089,736,Full Service Midscale,Freehold/Fee - Simple,Franchise,None,Brand_J,Location_U
N30163,849436,1142,Full Service Midscale,Freehold/Fee - Simple,Franchise,NA,Brand_I,Location_D
D07066,223883,302,Full Service Upscale,Freehold/Fee - Simple,Brand; Management,None,Brand_G,Location_R
H24486,997184,148,Full Service Upscale,Freehold/Fee - Simple,None / Vacant Possession,Value Added Opportunity,Brand_E,Location_N
B11217,759157,437,Budget/Mid-Market Midscale,Freehold/Fee - Simple,None / Vacant Possession,NA,Brand_F,Location_Q
S19823,1290755,3106,Full Service Luxury,Freehold/Fee - Simple,Brand; Leased Operating Interest,Sale and Manageback,Brand_C,Location_B
T25614,2352345,537,Full Service Upscale,Freehold/Fee - Simple,NA,None,Brand_H,Location_W
B19207,1487734,329,Budget/Mid-Market Economy,Freehold/Fee - Simple,None / Vacant Possession,None,Brand_C,Location_B
U27520,2145085,1124,Full Service Luxury,Leasehold,Brand; Leased Operating Interest,Distressed,Brand_J,Location_U
A26943,788868,271,Budget/Mid-Market Midscale,Freehold/Fee - Simple,Brand; Management,None,Brand_H,Location_W
D35490,448388,270,Full Service Upscale,Freehold/Fee - Simple,Leased Operating Interest,NA,Brand_B,Location_D
G37807,329039,33,Full Service Upscale,Freehold/Fee - Simple,None / Vacant Possession,Development Site,Brand_F,Location_Q
C19830,2744724,865,Full Service Upscale,Freehold/Fee - Simple,None / Vacant Possession,Distressed,Brand_I,Location_D
C29944,1016366,616,Full Service Luxury,NA,NA,NA,Brand_B,Location_D
X13582,1631232,116,Budget/Mid-Market Upscale,Leasehold,None / Vacant Possession,Value Added Opportunity; Franchise,Brand_E,Location_N
W35020,346221,1152,Budget/Mid-Market Midscale,Freehold/Fee - Simple,None / Vacant Possession,Value Added Opportunity,Brand_A,Location_J
M06420,6675067,5930,Budget/Mid-Market Midscale,NA,None / Vacant Possession,NA,Brand_E,Location_N
L20901,3317420,132,Full Service Upscale,Leasehold,None / Vacant Possession,NA,Brand_F,Location_Q
B14182,1160162,72,Budget/Mid-Market Upscale,Freehold/Fee - Simple,None / Vacant Possession,None,Brand_F,Location_Q
A03983,121957,658,Full Service Midscale,NA,Management,NA,Brand_H,Location_W
F24205,1404734,734,Full Service Upscale,Part Freehold / Leasehold,None / Vacant Possession,Re-Positioning Potential; Value Added Opportunity,Brand_I,Location_D
F30282,181451,207,Full Service Upscale,Freehold/Fee - Simple,Brand,None,Brand_B,Location_D
G13986,272258,420,Budget/Mid-Market Upscale,Freehold/Fee - Simple,NA,Sale and Leaseback,Brand_H,Location_W
Y02550,465101,78,Full Service Midscale,NA,Brand; Management,Value Added Opportunity,Brand_C,Location_B
F13828,896379,636,Full Service Upscale,Freehold/Fee - Simple,None / Vacant Possession,Re-Positioning Potential; Value Added Opportunity,Brand_A,Location_J
D13336,958070,1847,Full Service Luxury,Freehold/Fee - Simple,Brand,NA,Brand_H,Location_W
R17454,1867353,1169,Full Service Luxury,Freehold/Fee - Simple,Brand; Franchise,Value Added Opportunity,Brand_E,Location_N
K30285,1599453,590,Budget/Mid-Market Upscale,Freehold/Fee - Simple,None / Vacant Possession,None,Brand_B,Location_D
B28373,3146619,1692,Budget/Mid-Market Upscale,Freehold/Fee - Simple,Brand; Franchise,None,Brand_J,Location_U
H12952,1018500,280,Budget/Mid-Market Midscale,Freehold/Fee - Simple,None / Vacant Possession,NA,Brand_A,Location_J
E19138,1069849,477,Full Service Upscale,Freehold/Fee - Simple,Brand,Development Site,Brand_D,Location_Z
P05828,5343424,524,Full Service Upscale,Freehold/Fee - Simple,Brand,None,Brand_G,Location_R
P15376,1252259,3471,Budget/Mid-Market Upscale,Freehold/Fee - Simple,NA,None,Brand_A,Location_J
U17375,171292,159,Full Service Luxury,Freehold/Fee - Simple,NA,Value Added Opportunity,Brand_I,Location_D
N33364,480085,399,Full Service Luxury,NA,Leased Operating Interest,None,Brand_H,Location_W
G07533,182662,330,Budget/Mid-Market Midscale,Freehold/Fee - Simple,NA,NA,Brand_D,Location_Z
U14372,985936,1172,Full Service Upscale,Leasehold,Franchise,Value Added Opportunity,Brand_C,Location_B
U30883,963322,82,Budget/Mid-Market Upscale,NA,None / Vacant Possession,None,Brand_E,Location_N
B33044,1179919,183,Budget/Mid-Market Midscale,NA,NA,None,Brand_B,Location_D
I13279,344915,2038,Budget/Mid-Market Upscale,Freehold/Fee - Simple,NA,Re-Positioning Potential; Value Added Opportunity,Brand_H,Location_W
V04926,1160212,401,Budget/Mid-Market Upscale,Freehold/Fee - Simple,Brand,None,Brand_H,Location_W
F35300,13498214,515,Budget/Mid-Market Economy,Freehold/Fee - Simple,NA,NA,Brand_H,Location_W
V35225,2834503,474,Full Service Luxury,Freehold/Fee - Simple,Brand; Management,Labor Union Agreement,Brand_F,Location_Q
E13993,3438349,88,Full Service Midscale,NA,Brand,None,Brand_I,Location_D
R10521,3784922,31,Full Service Upscale,Freehold/Fee - Simple,Brand,None,Brand_D,Location_Z
P05633,851637,567,Full Service Midscale,NA,Leased Operating Interest,Value Added Opportunity,Brand_G,Location_R
Y11153,3018147,524,Budget/Mid-Market Midscale,Freehold/Fee - Simple,Brand; Franchise; Management,None,Brand_A,Location_J
W39560,1146415,2200,Budget/Mid-Market Upscale,Freehold/Fee - Simple,NA,None,Brand_G,Location_R
L38286,672715,2788,Serviced Apartments,Freehold/Fee - Simple,NA,None,Brand_J,Location_U
E20829,1162356,297,Full Service Upscale,Freehold/Fee - Simple,None / Vacant Possession,Re-Positioning Potential; Value Added Opportunity,Brand_H,Location_W
W07324,692957,51,Full Service Upscale,Leasehold,NA,None,Brand_G,Location_R
P11323,310350,216,Full Service Upscale,NA,None / Vacant Possession,Re-Positioning Potential,Brand_E,Location_N
M34974,815598,287,Full Service Midscale,Leasehold,Brand; Management,Value Added Opportunity,Brand_A,Location_J
U04420,448228,770,Full Service Luxury,Freehold/Fee - Simple,None / Vacant Possession,NA,Brand_J,Location_U
N24722,1808461,584,Budget/Mid-Market Upscale,Freehold/Fee - Simple,None / Vacant Possession,None,Brand_H,Location_W
D19846,2355607,49,Full Service Upscale,Freehold/Fee - Simple,NA,NA,Brand_I,Location_D
W20237,112789,219,Full Service Upscale,Freehold/Fee - Simple,Management,NA,Brand_D,Location_Z
K00953,7773766,348,Full Service Upscale,Leasehold,None / Vacant Possession,None,Brand_I,Location_D
Y18940,514391,603,Full Service Midscale,Leasehold,Brand,None,Brand_I,Location_D
R33636,3151660,809,Full Service Upscale,Freehold/Fee - Simple,None / Vacant Possession,None,Brand_I,Location_D
R26175,216328,513,Full Service Upscale,Leasehold,Brand,Leased Operating Interest Sale Only,Brand_E,Location_N
X01391,108747,863,Budget/Mid-Market Upscale,Freehold/Fee - Simple,NA,None,Brand_A,Location_J
X09557,1771470,1142,Full Service Midscale,Freehold/Fee - Simple,Management,Development Site; None,Brand_B,Location_D
A03026,1005212,608,Budget/Mid-Market Midscale,Freehold/Fee - Simple,Franchise,Sale and Leaseback,Brand_D,Location_Z
F37733,1999544,435,Development Site,Freehold/Fee - Simple,None / Vacant Possession,None,Brand_J,Location_U
A34994,827703,6313,Full Service Upscale,Freehold/Fee - Simple,Brand,Re-Positioning Potential; Value Added Opportunity,Brand_I,Location_D
W17720,456210,1645,Full Service Midscale,Freehold/Fee - Simple,Brand; Franchise; Leased Operating Interest,Re-Positioning Potential,Brand_F,Location_Q
E19820,1706828,193,Budget/Mid-Market Midscale,Freehold/Fee - Simple,None / Vacant Possession,NA,Brand_H,Location_W
U30635,998364,208,Full Service Upscale,Freehold/Fee - Simple,None / Vacant Possession,None,Brand_I,Location_D
P03033,598302,609,Full Service Midscale,Freehold/Fee - Simple,Leased Operating Interest,None,Brand_J,Location_U
U08383,883870,1456,Budget/Mid-Market Upscale,Freehold/Fee - Simple,None / Vacant Possession,None,Brand_E,Location_N
A11379,3040946,728,Full Service Midscale,Freehold/Fee - Simple,Brand,Franchise,Brand_A,Location_J
U12502,112757,110,Full Service Midscale,NA,None / Vacant Possession,None,Brand_D,Location_Z
D00650,2757919,555,Full Service Luxury,Freehold/Fee - Simple,None / Vacant Possession,None,Brand_F,Location_Q
D08852,1502590,1342,NA,Freehold/Fee - Simple,Brand,None,Brand_D,Location_Z
Q03055,1237406,759,Full Service Upscale,Freehold/Fee - Simple,None / Vacant Possession,None,Brand_B,Location_D
K39490,3910599,534,Full Service Midscale,Freehold/Fee - Simple,Brand; Franchise,None,Brand_D,Location_Z
X34575,489659,347,Full Service Upscale,Freehold/Fee - Simple,Brand,NA,Brand_A,Location_J
H14146,639652,139,Budget/Mid-Market Upscale,Leasehold,Brand,None,Brand_F,Location_Q
H03519,585927,327,Full Service Upscale,Freehold/Fee - Simple,NA,None,Brand_J,Location_U
B23218,453376,585,Full Service Luxury,Freehold/Fee - Simple,None / Vacant Possession,None,Brand_F,Location_Q
J01870,3851960,739,Budget/Mid-Market Upscale,Freehold/Fee - Simple,None / Vacant Possession,None,Brand_G,Location_R
H00736,602573,474,Full Service Luxury,NA,None / Vacant Possession,None,Brand_J,Location_U
N17666,321842,413,Budget/Mid-Market Midscale,Freehold/Fee - Simple,Brand,None,Brand_F,Location_Q
L09160,1109889,173,Full Service Upscale,Leasehold,None / Vacant Possession,NA,Brand_C,Location_B
L02981,784689,475,Budget/Mid-Market Upscale,Freehold/Fee - Simple,None / Vacant Possession,NA,Brand_D,Location_Z
P03582,688903,998,Budget/Mid-Market Midscale,Freehold/Fee - Simple,Management,None,Brand_G,Location_R
Y34799,1861117,481,Full Service Upscale,Freehold/Fee - Simple,NA,Sale and Leaseback,Brand_D,Location_Z
J19458,6768702,691,Full Service Luxury,Freehold/Fee - Simple,None / Vacant Possession,Leased Operating Interest Sale Only,Brand_J,Location_U
C27469,984914,690,Full Service Upscale,Freehold/Fee - Simple,Brand; Management,None,Brand_E,Location_N
T24739,573485,318,Budget/Mid-Market Economy,Freehold/Fee - Simple,Management,None,Brand_C,Location_B
N04226,198250,232,Full Service Upscale,Freehold/Fee - Simple,Leased Operating Interest,None,Brand_B,Location_D
X30478,1279133,524,Budget/Mid-Market Upscale,NA,Management,Distressed; Value Added Opportunity,Brand_E,Location_N
I00402,1372824,2050,Full Service Luxury,Freehold/Fee - Simple,Leased Operating Interest,None,Brand_D,Location_Z
B26974,606136,776,Full Service Upscale,Freehold/Fee - Simple,Brand,None,Brand_D,Location_Z
H30595,2133202,279,Budget/Mid-Market Upscale,Freehold/Fee - Simple,Brand; Management,NA,Brand_J,Location_U
F10023,269981,441,Full Service Upscale,Freehold/Fee - Simple,None / Vacant Possession,None,Brand_C,Location_B
T39425,5744352,525,Budget/Mid-Market Upscale,Freehold/Fee - Simple,None / Vacant Possession,Re-Positioning Potential,Brand_E,Location_N
C00666,2010836,392,Budget/Mid-Market Midscale,NA,Brand; Management,Conversion of Use,Brand_C,Location_B
G27347,1801912,260,Full Service Luxury,Freehold/Fee - Simple,Management,None,Brand_C,Location_B
V06165,2206006,268,Full Service Midscale,Freehold/Fee - Simple,Brand,Distressed; None,Brand_H,Location_W
U13879,1827388,557,Budget/Mid-Market Midscale,Freehold/Fee - Simple,Brand,NA,Brand_G,Location_R
I18319,6332643,1394,Budget/Mid-Market Midscale,Freehold/Fee - Simple,NA,None,Brand_I,Location_D
C31477,703320,591,Full Service Upscale,Freehold/Fee - Simple,Brand; Franchise,Value Added Opportunity,Brand_G,Location_R
C08398,1590317,531,Full Service Midscale,Freehold/Fee - Simple,Brand,None,Brand_J,Location_U
R14656,5407731,1926,Full Service Upscale,NA,None / Vacant Possession,Value Added Opportunity,Brand_B,Location_D
X10298,573137,120,Full Service Midscale,NA,None / Vacant Possession,None,Brand_F,Location_Q
W33275,1591500,1978,Full Service Upscale,Freehold/Fee - Simple,None / Vacant Possession,None,Brand_C,Location_B
T12578,1139975,747,Full Service Luxury,Freehold/Fee - Simple,Brand,Value Added Opportunity,Brand_E,Location_N
L19235,1020041,442,Budget/Mid-Market Upscale,NA,None / Vacant Possession,Distressed,Brand_C,Location_B
Y15598,741327,764,Full Service Midscale,Freehold/Fee - Simple,Franchise,None,Brand_J,Location_U
P11935,2009482,615,Full Service Luxury,Freehold/Fee - Simple,Leased Operating Interest,NA,Brand_D,Location_Z
V33549,1748321,160,Full Service Upscale,Freehold/Fee - Simple,Brand; Franchise,Value Added Opportunity,Brand_B,Location_D
T18347,1514026,274,Budget/Mid-Market Upscale,Freehold/Fee - Simple,Brand; Management,Value Added Opportunity,Brand_J,Location_U
B20171,360033,625,Budget/Mid-Market Economy,Freehold/Fee - Simple,None / Vacant Possession,Re-Positioning Potential; Value Added Opportunity,Brand_A,Location_J
Y02400,557973,240,Budget/Mid-Market Economy,Freehold/Fee - Simple,Brand,Leased Operating Interest Sale Only,Brand_E,Location_N
T08186,212265,193,Full Service Midscale,Freehold/Fee - Simple,NA,None,Brand_J,Location_U
M16964,1648319,203,Budget/Mid-Market Upscale,Freehold/Fee - Simple,Brand,Labor Union Agreement,Brand_D,Location_Z
V04568,2218757,374,Full Service Upscale,Freehold/Fee - Simple,Brand; Management,Value Added Opportunity,Brand_H,Location_W
U13284,1397621,88,Budget/Mid-Market Midscale,Freehold/Fee - Simple,Brand,None,Brand_F,Location_Q
N12133,72147,963,Budget/Mid-Market Upscale,Freehold/Fee - Simple,NA,None,Brand_C,Location_B
Q29508,2322922,240,Full Service Upscale,Freehold/Fee - Simple,None / Vacant Possession,Leased Operating Interest Sale Only,Brand_B,Location_D
O09193,206527,439,Budget/Mid-Market Upscale,Freehold/Fee - Simple,NA,NA,Brand_D,Location_Z
B35803,932949,878,Full Service Luxury,Freehold/Fee - Simple,None / Vacant Possession,NA,Brand_B,Location_D
M11610,1088639,860,Full Service Upscale,Leasehold,None / Vacant Possession,None,Brand_A,Location_J
H30208,957434,214,Budget/Mid-Market Upscale,Leasehold,None / Vacant Possession,None,Brand_D,Location_Z
S11077,1036594,260,Full Service Midscale,Leasehold,None / Vacant Possession,NA,Brand_D,Location_Z
E02791,500437,509,Full Service Midscale,Freehold/Fee - Simple,NA,None,Brand_A,Location_J
G31170,438463,500,Full Service Midscale,NA,NA,Value Added Opportunity,Brand_C,Location_B
G17753,398385,364,Budget/Mid-Market Upscale,Freehold/Fee - Simple,Brand; Management,Re-Positioning Potential,Brand_B,Location_D
G29813,645138,669,Full Service Upscale,Leasehold,Leased Operating Interest,NA,Brand_D,Location_Z
X10275,1176056,215,Full Service Luxury,Freehold/Fee - Simple,NA,Sale and Leaseback,Brand_J,Location_U
H21372,957457,417,Full Service Luxury,Freehold/Fee - Simple,None / Vacant Possession,Leased Operating Interest Sale Only,Brand_C,Location_B
T23497,1378447,2050,Full Service Upscale,Freehold/Fee - Simple,None / Vacant Possession,None,Brand_A,Location_J
V37009,2212836,64,Full Service Luxury,Freehold/Fee - Simple,None / Vacant Possession,None,Brand_A,Location_J
C21851,580697,604,Budget/Mid-Market Economy,Freehold/Fee - Simple,None / Vacant Possession,NA,Brand_G,Location_R
M35657,4367911,446,Full Service Upscale,Freehold/Fee - Simple,None / Vacant Possession,None,Brand_H,Location_W
A10578,99200,2851,Full Service Upscale,Freehold/Fee - Simple,None / Vacant Possession,Leased Operating Interest Sale Only,Brand_C,Location_B
W20218,427229,245,Budget/Mid-Market Midscale,Leasehold,Management,NA,Brand_A,Location_J
U35787,234586,897,Full Service Luxury,Freehold/Fee - Simple,Brand; Leased Operating Interest,Conversion of Use; Development Site; Re-Positioning Potential; Value Added Opportunity,Brand_J,Location_U
D30574,2389863,1179,Full Service Upscale,Freehold/Fee - Simple,NA,NA,Brand_H,Location_W
A15433,2588886,273,Budget/Mid-Market Midscale,Leasehold,Brand; Franchise,Leased Operating Interest Sale Only,Brand_B,Location_D
C09454,265285,187,Full Service Luxury,Leasehold,None / Vacant Possession,Labor Union Agreement,Brand_B,Location_D
Y22744,511751,1441,Full Service Luxury,Freehold/Fee - Simple,NA,Conversion of Use; Development Site,Brand_E,Location_N
F15338,370874,1187,Pub/Licensed Leisure,NA,None / Vacant Possession,None,Brand_E,Location_N
F19938,733105,3633,Budget/Mid-Market Upscale,Part Freehold / Leasehold,NA,Value Added Opportunity,Brand_A,Location_J
F33067,915081,343,Budget/Mid-Market Economy,NA,Brand; Management,Value Added Opportunity,Brand_A,Location_J
I26292,2402207,760,Budget/Mid-Market Economy,Leasehold,NA,None,Brand_C,Location_B
F29598,234396,1044,Full Service Midscale,NA,None / Vacant Possession,None,Brand_C,Location_B
W28761,2003362,781,Non-Hotel Mixed Use Development,Leasehold,None / Vacant Possession,None,Brand_D,Location_Z
I32297,219095,628,Full Service Upscale,NA,None / Vacant Possession,Conversion of Use; Re-Positioning Potential; Value Added Opportunity,Brand_C,Location_B
H12296,1231240,1229,Development Site,Freehold/Fee - Simple,Brand,NA,Brand_G,Location_R
B01618,192397,530,Budget/Mid-Market Midscale,Freehold/Fee - Simple,Franchise,Value Added Opportunity,Brand_E,Location_N
O36364,4348660,470,Full Service Upscale,Leasehold,None / Vacant Possession,NA,Brand_B,Location_D
K31069,2253932,401,Budget/Mid-Market Midscale,NA,Brand; None / Vacant Possession,Conversion of Use,Brand_G,Location_R
C09547,451765,320,Full Service Midscale,Leasehold,Franchise,None,Brand_G,Location_R
E14818,2844484,273,Full Service Luxury,NA,Brand; Management,Leased Operating Interest Sale Only,Brand_F,Location_Q
I12492,538631,246,Full Service Upscale,NA,Brand; Management,Forward Sale / Forward Funding,Brand_I,Location_D
A04358,1174401,596,Full Service Upscale,Freehold/Fee - Simple,NA,NA,Brand_G,Location_R
I33130,1650488,85,Full Service Upscale,Freehold/Fee - Simple,None / Vacant Possession,None,Brand_I,Location_D
T24636,2362823,895,Budget/Mid-Market Economy,NA,None / Vacant Possession,Re-Positioning Potential; Value Added Opportunity,Brand_G,Location_R
V20162,529707,622,Full Service Midscale,Freehold/Fee - Simple,Leased Operating Interest,None,Brand_J,Location_U
P23390,2397224,64,Serviced Apartments,Freehold/Fee - Simple,Brand; Management,Sale and Manageback,Brand_E,Location_N
P08962,606297,3269,Full Service Upscale,Freehold/Fee - Simple,Brand,None,Brand_I,Location_D
T36422,421682,154,Budget/Mid-Market Economy,Leasehold,Leased Operating Interest,Development Site; None,Brand_A,Location_J
Y10683,228011,427,Full Service Luxury,Leasehold,NA,NA,Brand_B,Location_D
D12813,755110,611,Full Service Luxury,Freehold/Fee - Simple,None / Vacant Possession,NA,Brand_E,Location_N
F11112,2019627,732,Full Service Upscale,Freehold/Fee - Simple,None / Vacant Possession,Land Sale Only (Leasehold Land Tenure),Brand_B,Location_D
N31802,1246027,829,Full Service Midscale,Freehold/Fee - Simple,None / Vacant Possession,None,Brand_C,Location_B
H22035,394820,704,Full Service Upscale,Freehold/Fee - Simple,Franchise,Development Site; Re-Positioning Potential; Value Added Opportunity,Brand_A,Location_J
K28644,159509,2226,Full Service Upscale,Freehold/Fee - Simple,Leased Operating Interest,Re-Positioning Potential; Value Added Opportunity,Brand_B,Location_D
K11164,1791981,181,Budget/Mid-Market Upscale,Freehold/Fee - Simple,None / Vacant Possession,Distressed,Brand_H,Location_W
E36429,786210,1865,Full Service Upscale,Freehold/Fee - Simple,Management,None,Brand_A,Location_J
S17155,279947,624,Budget/Mid-Market Upscale,Freehold/Fee - Simple,Management,None,Brand_A,Location_J
S20121,805313,1522,Full Service Luxury,NA,None / Vacant Possession,None,Brand_E,Location_N
Z30132,417337,103,Budget/Mid-Market Economy,Freehold/Fee - Simple,Leased Operating Interest,None,Brand_B,Location_D
Q06212,1720478,114,Full Service Midscale,Freehold/Fee - Simple,NA,NA,Brand_J,Location_U
O25980,1135589,263,Full Service Luxury,Freehold/Fee - Simple,None / Vacant Possession,None,Brand_E,Location_N
C24301,510717,867,Budget/Mid-Market Upscale,Freehold/Fee - Simple,None / Vacant Possession,None,Brand_F,Location_Q
G33252,1086519,760,Budget/Mid-Market Midscale,Freehold/Fee - Simple,NA,Value Added Opportunity,Brand_E,Location_N
Q33352,3677846,745,Full Service Luxury,Freehold/Fee - Simple,Management,None,Brand_F,Location_Q
B30110,762953,304,Full Service Midscale,Freehold/Fee - Simple,NA,None,Brand_I,Location_D
B37308,270633,233,Full Service Upscale,NA,Brand; Management,None,Brand_A,Location_J
F15803,300380,315,Full Service Upscale,Freehold/Fee - Simple,NA,Conversion of Use; Re-Positioning Potential,Brand_I,Location_D
Q29001,713048,1409,Full Service Midscale,NA,NA,None,Brand_I,Location_D
B15505,2317132,712,Budget/Mid-Market Upscale,NA,None / Vacant Possession,None,Brand_G,Location_R
D27940,4413816,130,Full Service Luxury,Freehold/Fee - Simple,Management,Value Added Opportunity,Brand_A,Location_J
J14568,815071,625,Budget/Mid-Market Upscale,Freehold/Fee - Simple,NA,NA,Brand_D,Location_Z
J35418,971479,167,Budget/Mid-Market Upscale,Freehold/Fee - Simple,None / Vacant Possession,NA,Brand_J,Location_U
R22984,830605,992,Budget/Mid-Market Upscale,Freehold/Fee - Simple,None / Vacant Possession,None,Brand_C,Location_B
T17489,1772031,129,Budget/Mid-Market Midscale,Freehold/Fee - Simple,None / Vacant Possession,None,Brand_F,Location_Q
T01522,9063945,743,Full Service Midscale,Freehold/Fee - Simple,None / Vacant Possession,Re-Positioning Potential,Brand_E,Location_N
B09734,170060,483,Full Service Midscale,Freehold/Fee - Simple,Leased Operating Interest,None,Brand_B,Location_D
W29191,1272840,635,Full Service Luxury,Leasehold,Brand,NA,Brand_D,Location_Z
G19316,3327866,4159,Full Service Midscale,Freehold/Fee - Simple,Franchise,None,Brand_I,Location_D
G27579,2519358,334,Budget/Mid-Market Economy,Part Freehold / Leasehold,Brand,None,Brand_D,Location_Z
L35078,2015720,1696,Full Service Midscale,Leasehold,None / Vacant Possession,NA,Brand_C,Location_B
G35354,1237612,512,Full Service Midscale,Leasehold,None / Vacant Possession,Distressed,Brand_A,Location_J
N09995,997819,936,Full Service Upscale,Leasehold,NA,Leased Operating Interest Sale Only,Brand_F,Location_Q
Y35069,429759,546,Development Site,Freehold/Fee - Simple,Brand; Management,NA,Brand_J,Location_U
M32573,271118,2875,Full Service Midscale,Freehold/Fee - Simple,None / Vacant Possession,None,Brand_H,Location_W
B13226,405259,678,Full Service Upscale,Leasehold,None / Vacant Possession,NA,Brand_F,Location_Q
D04535,431418,1447,Full Service Luxury,Freehold/Fee - Simple,Brand,None,Brand_I,Location_D
R30433,5814676,2242,Full Service Midscale,Freehold/Fee - Simple,Brand,None,Brand_F,Location_Q
P23199,9617910,1283,Budget/Mid-Market Upscale,NA,None / Vacant Possession,Re-Positioning Potential; Value Added Opportunity,Brand_G,Location_R
R13654,527700,541,Serviced Apartments,Freehold/Fee - Simple,Brand,Re-Positioning Potential,Brand_H,Location_W
A25388,1375728,219,Budget/Mid-Market Upscale,Freehold/Fee - Simple,None / Vacant Possession,None,Brand_D,Location_Z
Z37574,455738,237,Budget/Mid-Market Upscale,Freehold/Fee - Simple,None / Vacant Possession,NA,Brand_F,Location_Q
L33963,456899,225,Full Service Midscale,Freehold/Fee - Simple,None / Vacant Possession,None,Brand_F,Location_Q
S06759,779095,1321,Full Service Midscale,Freehold/Fee - Simple,Brand; Management,NA,Brand_G,Location_R
P14256,402202,420,Full Service Upscale,Freehold/Fee - Simple,NA,None,Brand_H,Location_W
P24866,2336379,1212,Full Service Upscale,Freehold/Fee - Simple,Brand; Leased Operating Interest,NA,Brand_C,Location_B
X01979,492857,188,Full Service Upscale,Freehold/Fee - Simple,None / Vacant Possession,NA,Brand_G,Location_R
N00936,996966,511,Full Service Midscale,Freehold/Fee - Simple,Brand; Management,NA,Brand_G,Location_R
V07327,505042,3916,Full Service Luxury,Freehold/Fee - Simple,Brand,None,Brand_C,Location_B
E05965,6737466,144,Budget/Mid-Market Midscale,Leasehold,None / Vacant Possession,None,Brand_G,Location_R
F30622,1018560,32,Full Service Upscale,NA,None / Vacant Possession,Re-Positioning Potential,Brand_H,Location_W
S31551,815750,684,Full Service Midscale,Freehold/Fee - Simple,None / Vacant Possession,None,Brand_G,Location_R
N00221,542672,152,Budget/Mid-Market Midscale,Leasehold,None / Vacant Possession,None,Brand_B,Location_D
U01552,2062681,230,Full Service Luxury,Freehold/Fee - Simple,Management,None,Brand_I,Location_D
X07946,522933,902,"Non-Hotel (Theme Park, Caravan Park, etc.)",Freehold/Fee - Simple,Management,None,Brand_D,Location_Z
J22925,457762,909,Full Service Luxury,Freehold/Fee - Simple,NA,Re-Positioning Potential; Value Added Opportunity,Brand_I,Location_D
B26454,768108,135,Budget/Mid-Market Economy,Freehold/Fee - Simple,NA,None,Brand_I,Location_D
G38840,2209298,960,Full Service Upscale,NA,Brand,None,Brand_D,Location_Z
F21081,220644,188,Budget/Mid-Market Upscale,Leasehold,Leased Operating Interest,Value Added Opportunity,Brand_E,Location_N
X36117,168482,182,Full Service Luxury,Freehold/Fee - Simple,Management,Leased Operating Interest Sale Only,Brand_G,Location_R
L00892,925851,79,Full Service Upscale,Freehold/Fee - Simple,Brand; Management,NA,Brand_F,Location_Q
L20839,1355064,465,Development Site,Leasehold,Brand; Management,Value Added Opportunity,Brand_G,Location_R
A33304,7575729,687,Full Service Midscale,Freehold/Fee - Simple,None / Vacant Possession,Value Added Opportunity,Brand_A,Location_J
X07572,821141,188,Full Service Upscale,NA,None / Vacant Possession,NA,Brand_H,Location_W
I33611,574242,503,Full Service Upscale,Freehold/Fee - Simple,Franchise,NA,Brand_H,Location_W
B33835,2382868,2825,Budget/Mid-Market Upscale,Freehold/Fee - Simple,Brand; Management,Re-Positioning Potential,Brand_E,Location_N
J36209,613940,154,Budget/Mid-Market Upscale,NA,NA,NA,Brand_A,Location_J
D23520,1235730,175,Full Service Upscale,NA,NA,Land Sale Only (Leasehold Land Tenure),Brand_I,Location_D
F20030,876447,288,Full Service Luxury,Freehold/Fee - Simple,None / Vacant Possession,Distressed; Re-Positioning Potential; Value Added Opportunity,Brand_F,Location_Q
J18379,1483832,210,Budget/Mid-Market Midscale,Leasehold,None / Vacant Possession,None,Brand_H,Location_W
E35132,929307,1379,Budget/Mid-Market Midscale,Freehold/Fee - Simple,Brand; Management,Value Added Opportunity,Brand_B,Location_D
J28970,3287591,94,Full Service Upscale,Freehold/Fee - Simple,Brand; Franchise,None; Value Added Opportunity,Brand_E,Location_N
T20637,294264,468,Full Service Upscale,NA,Brand; Management,Value Added Opportunity,Brand_J,Location_U
V01262,507556,646,Full Service Midscale,Leasehold,NA,None,Brand_J,Location_U
Z05932,177208,72,Full Service Midscale,Freehold/Fee - Simple,Leased Operating Interest,Re-Positioning Potential; Value Added Opportunity,Brand_F,Location_Q
L10730,800018,143,Budget/Mid-Market Economy,NA,None / Vacant Possession,None; Re-Positioning Potential,Brand_D,Location_Z
U38521,933367,813,Full Service Upscale,Freehold/Fee - Simple,Brand; Franchise; Management,NA,Brand_B,Location_D
O37934,1243999,1141,Full Service Upscale,Freehold/Fee - Simple,None / Vacant Possession,Re-Positioning Potential,Brand_C,Location_B
U20985,590377,1627,Full Service Luxury,Freehold/Fee - Simple,Brand,None,Brand_G,Location_R
W19774,621689,288,Budget/Mid-Market Upscale,Freehold/Fee - Simple,Brand,Leased Operating Interest Sale Only,Brand_B,Location_D
D38020,3389510,2089,Full Service Luxury,Freehold/Fee - Simple,None / Vacant Possession,NA,Brand_H,Location_W
T29407,533608,1162,Full Service Midscale,NA,Brand,None,Brand_E,Location_N
W14927,2132377,1405,Budget/Mid-Market Midscale,Freehold/Fee - Simple,Brand,None,Brand_I,Location_D
T01559,435995,162,Full Service Upscale,NA,Brand,Value Added Opportunity,Brand_G,Location_R
B35734,2150016,234,Full Service Upscale,NA,Brand; Management,None,Brand_J,Location_U
J21603,1743115,296,Full Service Midscale,Freehold/Fee - Simple,Leased Operating Interest,Value Added Opportunity,Brand_H,Location_W
C33673,2676465,773,Full Service Upscale,Freehold/Fee - Simple,Brand; Management,Value Added Opportunity,Brand_E,Location_N
L23323,3073916,168,Full Service Midscale,Freehold/Fee - Simple,None / Vacant Possession,Distressed; None; Value Added Opportunity,Brand_G,Location_R
S08047,2431649,58,Full Service Luxury,Freehold/Fee - Simple,Brand; Management,None,Brand_J,Location_U
L28965,2669654,1702,Full Service Upscale,NA,Brand; Management,None,Brand_F,Location_Q
S27831,472295,1661,Full Service Midscale,Leasehold,Brand,Distressed; None,Brand_D,Location_Z
E11267,2436025,176,Budget/Mid-Market Upscale,Freehold/Fee - Simple,None / Vacant Possession,Re-Positioning Potential,Brand_J,Location_U
U03668,2607312,899,Budget/Mid-Market Economy,Freehold/Fee - Simple,None / Vacant Possession,NA,Brand_B,Location_D
P23310,659005,356,Serviced Apartments,Freehold/Fee - Simple,None / Vacant Possession,NA,Brand_F,Location_Q
W26559,738042,1513,Full Service Upscale,Freehold/Fee - Simple,Franchise,None,Brand_J,Location_U
Q17962,150303,433,Full Service Midscale,Leasehold,Brand; Management,None,Brand_A,Location_J
I10172,1311862,381,Full Service Upscale,Leasehold,None / Vacant Possession,Value Added Opportunity,Brand_I,Location_D
Z23042,433932,2328,Budget/Mid-Market Midscale,Freehold/Fee - Simple,None / Vacant Possession,None,Brand_J,Location_U
H34619,14121515,731,Full Service Midscale,Leasehold,None / Vacant Possession,Re-Positioning Potential,Brand_H,Location_W
U26206,694115,828,Full Service Upscale,Freehold/Fee - Simple,Brand,Re-Positioning Potential; Value Added Opportunity,Brand_D,Location_Z
C10454,239238,2892,Full Service Midscale,Leasehold,None / Vacant Possession,Labor Union Agreement,Brand_H,Location_W
O11864,809217,445,Full Service Luxury,Freehold/Fee - Simple,None / Vacant Possession,Distressed,Brand_I,Location_D
I21931,861759,63,Full Service Midscale,Leasehold,None / Vacant Possession,NA,Brand_D,Location_Z
D01815,1780460,166,Full Service Midscale,Freehold/Fee - Simple,NA,None,Brand_B,Location_D
F10957,1658139,182,Full Service Midscale,Freehold/Fee - Simple,Brand,NA,Brand_I,Location_D
I06790,1971563,613,Full Service Upscale,NA,None / Vacant Possession,None,Brand_C,Location_B
X17931,1323425,1162,Full Service Luxury,NA,Management,NA,Brand_A,Location_J
X33504,1017540,402,Full Service Midscale,Freehold/Fee - Simple,Leased Operating Interest,None,Brand_H,Location_W
W37788,956334,293,Budget/Mid-Market Midscale,NA,None / Vacant Possession,None,Brand_B,Location_D
J17351,600460,586,Budget/Mid-Market Economy,Leasehold,NA,None,Brand_F,Location_Q
I08365,282747,91,Full Service Midscale,Freehold/Fee - Simple,None / Vacant Possession,None,Brand_C,Location_B
O32781,4890675,1773,Full Service Upscale,Freehold/Fee - Simple,None / Vacant Possession,Value Added Opportunity,Brand_C,Location_B
Q23073,819177,911,Full Service Upscale,Freehold/Fee - Simple,None / Vacant Possession,NA,Brand_H,Location_W
D07056,1297522,1255,Budget/Mid-Market Midscale,Freehold/Fee - Simple,Brand,NA,Brand_E,Location_N
J03430,4603588,397,Budget/Mid-Market Economy,Freehold/Fee - Simple,Brand; Franchise,None,Brand_I,Location_D
A31471,2765283,2748,Full Service Upscale,Freehold/Fee - Simple,Brand,Value Added Opportunity,Brand_F,Location_Q
G11700,892076,63,Full Service Upscale,NA,NA,NA,Brand_A,Location_J
R38805,1635264,1275,Full Service Luxury,Leasehold,None / Vacant Possession,NA,Brand_C,Location_B
X38027,2901179,659,Budget/Mid-Market Upscale,NA,None / Vacant Possession,None,Brand_E,Location_N
V17140,268227,239,Full Service Luxury,Freehold/Fee - Simple,NA,Re-Positioning Potential,Brand_J,Location_U
Z02594,1018180,162,Full Service Luxury,Freehold/Fee - Simple,None / Vacant Possession,None,Brand_B,Location_D
U14476,1129432,381,Budget/Mid-Market Upscale,Freehold/Fee - Simple,Leased Operating Interest,NA,Brand_B,Location_D
M02543,1748204,3168,Budget/Mid-Market Midscale,Freehold/Fee - Simple,None / Vacant Possession,NA,Brand_D,Location_Z
S16956,895666,1061,Full Service Luxury,Freehold/Fee - Simple,Brand; Management,None,Brand_J,Location_U
O29807,2018626,3233,Budget/Mid-Market Upscale,Freehold/Fee - Simple,None / Vacant Possession,None,Brand_F,Location_Q
V04850,2060559,217,Full Service Midscale,Freehold/Fee - Simple,Brand,None,Brand_G,Location_R
L12791,505536,237,Budget/Mid-Market Upscale,Freehold/Fee - Simple,Brand,NA,Brand_C,Location_B
C21753,540831,676,Budget/Mid-Market Upscale,NA,Franchise,NA,Brand_I,Location_D
P09358,4672245,667,Full Service Upscale,Freehold/Fee - Simple,None / Vacant Possession,None,Brand_E,Location_N
O36956,401790,498,Budget/Mid-Market Upscale,Freehold/Fee - Simple,Brand; Management,None,Brand_F,Location_Q
F23098,10629174,484,Full Service Luxury,Freehold/Fee - Simple,Brand; Franchise,Re-Positioning Potential,Brand_F,Location_Q
L04552,543861,53,Full Service Midscale,Freehold/Fee - Simple,None / Vacant Possession,NA,Brand_C,Location_B
J33836,2186039,1134,Full Service Midscale,Freehold/Fee - Simple,None / Vacant Possession,None,Brand_G,Location_R
G02434,3263589,410,Budget/Mid-Market Upscale,Freehold/Fee - Simple,None / Vacant Possession,None,Brand_I,Location_D
Z28023,2906540,789,Budget/Mid-Market Upscale,Freehold/Fee - Simple,Brand,Labor Union Agreement; Re-Positioning Potential; Value Added Opportunity,Brand_A,Location_J
A30855,1059991,754,Full Service Upscale,Freehold/Fee - Simple,Brand,None,Brand_B,Location_D
T09466,864095,1009,Budget/Mid-Market Midscale,Freehold/Fee - Simple,None / Vacant Possession,None,Brand_H,Location_W
E24140,1270797,2178,Budget/Mid-Market Economy,Freehold/Fee - Simple,Franchise,None,Brand_C,Location_B
H07907,3197321,685,Budget/Mid-Market Upscale,Freehold/Fee - Simple,Franchise,None,Brand_H,Location_W
S34497,732844,1262,Full Service Upscale,Leasehold,Franchise,None,Brand_H,Location_W
G38832,659166,251,Full Service Upscale,NA,NA,NA,Brand_H,Location_W
F18747,240303,1369,Full Service Midscale,NA,Leased Operating Interest,Re-Positioning Potential,Brand_I,Location_D
C13370,192417,719,Full Service Upscale,Freehold/Fee - Simple,None / Vacant Possession,None,Brand_A,Location_J
S29302,713544,51,Full Service Midscale,NA,NA,Value Added Opportunity,Brand_C,Location_B
V12329,440710,357,Full Service Luxury,Freehold/Fee - Simple,None / Vacant Possession,None,Brand_I,Location_D
N10527,327578,68,Full Service Luxury,Freehold/Fee - Simple,None / Vacant Possession,NA,Brand_A,Location_J
D34779,354189,398,Full Service Upscale,Freehold/Fee - Simple,None / Vacant Possession,None,Brand_E,Location_N
A37815,138184,484,Budget/Mid-Market Upscale,Freehold/Fee - Simple,None / Vacant Possession,None,Brand_D,Location_Z
Q14293,1820179,207,Full Service Upscale,Freehold/Fee - Simple,None / Vacant Possession,NA,Brand_H,Location_W
G03972,723392,466,Full Service Luxury,Freehold/Fee - Simple,None / Vacant Possession,Conversion of Use,Brand_A,Location_J
I23680,1120966,459,Budget/Mid-Market Economy,Freehold/Fee - Simple,None / Vacant Possession,NA,Brand_C,Location_B
U37343,1114395,64,Budget/Mid-Market Upscale,Leasehold,None / Vacant Possession,Land Sale Only (Leasehold Land Tenure),Brand_A,Location_J
B14764,796561,276,Full Service Upscale,Leasehold,None / Vacant Possession,Re-Positioning Potential,Brand_F,Location_Q
M26052,304728,1143,Budget/Mid-Market Economy,Freehold/Fee - Simple,NA,Re-Positioning Potential; Value Added Opportunity,Brand_A,Location_J
J16055,1322488,151,Full Service Midscale,Freehold/Fee - Simple,Brand,None,Brand_J,Location_U
L05809,3951620,943,Full Service Upscale,Freehold/Fee - Simple,NA,NA,Brand_E,Location_N
R09600,1452328,1612,Full Service Midscale,Freehold/Fee - Simple,NA,Re-Positioning Potential; Value Added Opportunity,Brand_I,Location_D
L18060,772895,667,Budget/Mid-Market Economy,Freehold/Fee - Simple,Franchise,None,Brand_A,Location_J
P02145,644787,228,Full Service Upscale,Freehold/Fee - Simple,NA,None,Brand_B,Location_D
E05348,2796978,567,Full Service Upscale,Freehold/Fee - Simple,None / Vacant Possession,NA,Brand_D,Location_Z
K11502,668035,4041,Budget/Mid-Market Upscale,Freehold/Fee - Simple,None / Vacant Possession,None,Brand_G,Location_R
X01724,144732,2434,Full Service Luxury,Leasehold,None / Vacant Possession,None,Brand_G,Location_R
O20433,291835,366,Budget/Mid-Market Midscale,Freehold/Fee - Simple,Franchise,NA,Brand_F,Location_Q
V13414,754067,429,Full Service Upscale,Freehold/Fee - Simple,NA,NA,Brand_G,Location_R
M30642,2349338,128,Full Service Luxury,Freehold/Fee - Simple,None / Vacant Possession,Sale and Leaseback; Value Added Opportunity,Brand_H,Location_W
Z01052,208634,825,Full Service Luxury,Freehold/Fee - Simple,None / Vacant Possession,Re-Positioning Potential,Brand_E,Location_N
M15582,3205241,2268,Full Service Midscale,Leasehold,None / Vacant Possession,Conversion of Use,Brand_F,Location_Q
N06035,699319,164,Full Service Luxury,Freehold/Fee - Simple,None / Vacant Possession,NA,Brand_D,Location_Z
M31552,838791,556,Full Service Midscale,Freehold/Fee - Simple,None / Vacant Possession,Value Added Opportunity,Brand_I,Location_D
E32749,1483541,1074,Full Service Midscale,Freehold/Fee - Simple,NA,Re-Positioning Potential; Value Added Opportunity,Brand_G,Location_R
A06445,2591306,765,Full Service Upscale,Freehold/Fee - Simple,None / Vacant Possession,Leased Operating Interest Sale Only,Brand_E,Location_N
R14392,1213007,354,Full Service Luxury,Freehold/Fee - Simple,Brand,Distressed; None,Brand_F,Location_Q
E30936,247170,129,Full Service Midscale,NA,None / Vacant Possession,NA,Brand_I,Location_D
E33209,726494,1092,Full Service Upscale,Freehold/Fee - Simple,None / Vacant Possession,NA,Brand_C,Location_B
C23482,1262489,320,Full Service Midscale,NA,NA,NA,Brand_F,Location_Q
N18065,2871245,512,Full Service Midscale,Freehold/Fee - Simple,NA,Value Added Opportunity,Brand_J,Location_U
Y30601,1572618,6527,Budget/Mid-Market Midscale,Freehold/Fee - Simple,NA,None,Brand_E,Location_N
V05059,3429677,1720,Full Service Midscale,Freehold/Fee - Simple,Brand,Re-Positioning Potential; Value Added Opportunity,Brand_G,Location_R
D19966,1255391,238,Full Service Upscale,Freehold/Fee - Simple,Brand; Management,Value Added Opportunity,Brand_G,Location_R
T23352,272271,1647,Budget/Mid-Market Midscale,Freehold/Fee - Simple,NA,None,Brand_D,Location_Z
E10652,1723914,693,Budget/Mid-Market Economy,NA,None / Vacant Possession,Development Site,Brand_E,Location_N
U15546,867197,952,Full Service Midscale,Freehold/Fee - Simple,Brand,NA,Brand_G,Location_R
U27685,294978,1585,Full Service Midscale,Freehold/Fee - Simple,NA,Value Added Opportunity,Brand_J,Location_U
X10066,3628610,289,Full Service Luxury,Freehold/Fee - Simple,Brand,NA,Brand_C,Location_B
S30847,643566,238,Budget/Mid-Market Upscale,Freehold/Fee - Simple,Franchise,Re-Positioning Potential; Value Added Opportunity,Brand_C,Location_B
A14328,417867,1994,Budget/Mid-Market Upscale,NA,Brand; Management,Labor Union Agreement,Brand_E,Location_N
R38943,1627419,389,Budget/Mid-Market Upscale,Freehold/Fee - Simple,None / Vacant Possession,NA,Brand_J,Location_U
J38375,629018,63,Budget/Mid-Market Upscale,Freehold/Fee - Simple,None / Vacant Possession,None,Brand_E,Location_N
V07102,227398,1516,Full Service Upscale,NA,Brand; Management,NA,Brand_J,Location_U
N09988,713982,963,Budget/Mid-Market Upscale,NA,Brand; None / Vacant Possession,Land Sale Only (Leasehold Land Tenure),Brand_D,Location_Z
L10175,1070990,268,Budget/Mid-Market Midscale,NA,None / Vacant Possession,Value Added Opportunity,Brand_F,Location_Q
E19766,313835,94,Full Service Upscale,Freehold/Fee - Simple,Brand; Management,NA,Brand_A,Location_J
Y14701,558388,825,Pub/Licensed Leisure,Freehold/Fee - Simple,Leased Operating Interest,None,Brand_J,Location_U
P02990,764517,1304,Budget/Mid-Market Economy,Freehold/Fee - Simple,Brand; Management,NA,Brand_A,Location_J
B02828,750972,128,Full Service Midscale,Freehold/Fee - Simple,None / Vacant Possession,None,Brand_G,Location_R
R23498,1854841,2586,Budget/Mid-Market Economy,Freehold/Fee - Simple,None / Vacant Possession,NA,Brand_C,Location_B
A06807,542266,676,Budget/Mid-Market Midscale,Freehold/Fee - Simple,None / Vacant Possession,None,Brand_H,Location_W
O34901,2135194,288,Full Service Upscale,Freehold/Fee - Simple,NA,NA,Brand_J,Location_U
N10292,356284,873,Budget/Mid-Market Upscale,NA,None / Vacant Possession,None,Brand_B,Location_D
A01172,544383,968,Budget/Mid-Market Midscale,Leasehold,Brand; Franchise; Management,None,Brand_A,Location_J
N11815,7173090,56,Budget/Mid-Market Midscale,Freehold/Fee - Simple,Brand; Management,Development Site; Value Added Opportunity,Brand_B,Location_D
E22896,659844,90,Full Service Upscale,Freehold/Fee - Simple,Brand,Re-Positioning Potential,Brand_G,Location_R
G34947,2454184,387,Full Service Midscale,Leasehold,None / Vacant Possession,NA,Brand_H,Location_W
W36811,282902,494,Full Service Luxury,Leasehold,NA,None,Brand_B,Location_D
S33206,400257,974,Budget/Mid-Market Economy,Freehold/Fee - Simple,NA,Leased Operating Interest Sale Only,Brand_B,Location_D
D01046,183264,284,Full Service Upscale,Freehold/Fee - Simple,None / Vacant Possession,NA,Brand_H,Location_W
J16337,412207,3474,Full Service Upscale,Freehold/Fee - Simple,Franchise; None / Vacant Possession,None,Brand_J,Location_U
J27073,321883,119,Budget/Mid-Market Midscale,Freehold/Fee - Simple,None / Vacant Possession,None,Brand_D,Location_Z
S04199,1589407,852,Budget/Mid-Market Upscale,Freehold/Fee - Simple,Franchise,NA,Brand_B,Location_D
O38545,129802,347,Budget/Mid-Market Upscale,Freehold/Fee - Simple,Brand,Re-Positioning Potential,Brand_D,Location_Z
N23756,562746,710,Full Service Midscale,Freehold/Fee - Simple,None / Vacant Possession,Sale and Manageback,Brand_I,Location_D
New3456,1589407,710,Budget/Mid-Market Economy,Leasehold,Brand,NA,Brand_D,Location_Z
