userID,numFeature_1_min,numFeature_1_max,numFeature_2_min,numFeature_2_max,catFeature_1,catFeature_2,catFeature_3,catFeature_4,catFeature_5,catFeature_6
tso404,0,5183627,0,2454,,,,,Brand_H,Location_B
dhg727,12772,826359,112,1197,,,,,Brand_G,Location_Y
ool223,0,6281709,0,1983,,,,none,Brand_C,Location_O
rgu201,0,2474470,0,1221,,,,,Brand_G,Location_Y
juu770,0,3746138,0,836,,,brand; franchise; leased operating interest; management,conversion of use; development site; distressed; none; re-positioning potential; value added opportunity,Brand_A,Location_W
chk773,0,10544624,0,566,,,,,Brand_F,Location_F
pec867,0,4550465,0,1099,full service upscale; budget/mid-market upscale; budget/mid-market midscale; budget/mid-market economy,,,,Brand_D,Location_G
bmv453,0,11816052,0,1696,pub/licensed leisure,,,none,Brand_F,Location_F
zsg236,10526,6936415,3093,211,,,,distressed; none; re-positioning potential; value added opportunity,Brand_I,Location_O
hlc709,9433,21767823,68,411,budget/mid-market midscale;  budget/mid-market upscale,,,,Brand_J,Location_A
ghm805,5038,4691630,495,512,budget/mid-market midscale;  budget/mid-market upscale,,,,Brand_D,Location_G
hbb750,0,8687533,0,671,,,,,Brand_B,Location_H
gso657,0,4744634,0,2348,,freehold/fee - simple,,,Brand_B,Location_H
ofm833,0,1052565,0,286,,,,,Brand_G,Location_Y
pcv594,58543,1700293,241,18795,budget/mid-market upscale; budget/mid-market midscale; budget/mid-market economy,,,,Brand_J,Location_A
ewq297,26587,7580466,583,3715,,,none / vacant possession,development site; land sale only (leasehold land tenure); none,Brand_F,Location_F
kiy274,0,9749105,0,2929,,,,none; re-positioning potential,Brand_I,Location_O
wog811,23166,4048453,986,928,,,,,Brand_G,Location_Y
hoe827,96970,7515317,148,176,budget/mid-market upscale; budget/mid-market midscale; budget/mid-market economy,,,,Brand_D,Location_G
vty536,0,424510,0,425,pub/licensed leisure,,,development site; none,Brand_J,Location_A
guz156,1345,12375414,212,1412,,,,,Brand_H,Location_B
cvr421,1576,10170232,386,281,,,,none,Brand_A,Location_W
hvi853,0,10588483,0,3367,,,,,Brand_J,Location_A
bra633,58370,2567022,323,527,full service luxury,,brand; brand; brand; franchise; leased operating interest; management; management; management; none / vacant possession; none / vacant possession,,Brand_I,Location_O
bsx292,0,4935835,0,684,,freehold/fee - simple; leasehold,,,Brand_H,Location_B
axt753,4176,14335251,684,324,budget/mid-market midscale;  budget/mid-market upscale,,,,Brand_F,Location_F
mfv270,3889,2494520,543,316,,,management; none / vacant possession; none / vacant possession,none,Brand_C,Location_O
vhr623,0,22164911,0,4482,,,,,Brand_A,Location_W
kfa237,0,5208678,0,1300,full service luxury; budget/mid-market upscale; budget/mid-market midscale; development site; mixed use development; serviced apartments,,,,Brand_B,Location_H
jhv219,299051,1899980,608,1239,full service luxury; full service upscale; full service midscale; budget/mid-market upscale; budget/mid-market midscale; casino property; pub/licensed leisure; condo; development site; mixed use development; serviced apartments,leasehold,,,Brand_E,Location_A
opn382,0,3526297,0,2003,,,,,Brand_A,Location_W
gmr426,0,7697564,0,291,,,none / vacant possession,none; franchise,Brand_B,Location_H
loy296,0,3507733,0,4345,budget/mid-market upscale,,,,Brand_H,Location_B
jjz222,3398,3768780,1345,701,,,brand; franchise; leased operating interest; management; none / vacant possession; none / vacant possession,,Brand_F,Location_F
liq380,3732,3003989,1127,407,,,,,Brand_F,Location_F
qsi743,28373,3546563,230,1214,budget/mid-market upscale; budget/mid-market midscale; budget/mid-market economy; pub/licensed leisure,,,none,Brand_D,Location_G
bfd520,8081,7136414,163,2197,full service upscale; full service midscale; budget/mid-market upscale; budget/mid-market midscale,,brand; franchise; leased operating interest; management,development site; none,Brand_C,Location_O
xlw437,0,1572429,0,1590,,,,,Brand_I,Location_O
lxi119,13567,7162777,950,301,,,,,Brand_H,Location_B
ubb754,0,3772452,0,476,,,,,Brand_B,Location_H
sob104,0,4351341,0,724,,,,,Brand_A,Location_W
bob790,4978,4761357,220,3991,pub/licensed leisure,,,,Brand_B,Location_H
tgy836,0,1944484,0,6049,full service luxury; full service upscale; full service midscale; budget/mid-market upscale; budget/mid-market midscale; budget/mid-market economy,,,,Brand_I,Location_O
lqp756,5516,960973,234,5638,,freehold/fee - simple,,,Brand_C,Location_O
zpf486,0,17104119,0,15224,pub/licensed leisure,,none / vacant possession,,Brand_D,Location_G
gox182,15850,4486196,435,313,full service luxury; full service upscale; full service midscale; budget/mid-market upscale,,,,Brand_A,Location_W
aji170,0,3414468,0,250,full service luxury; budget/mid-market upscale; budget/mid-market midscale; budget/mid-market economy,freehold/fee - simple,,,Brand_H,Location_B
avd148,6875,3321577,907,1980,,,,distressed; none; re-positioning potential; franchise,Brand_G,Location_Y
kmc150,0,3290088,0,937,,,,,Brand_F,Location_F
zrb181,0,4708492,0,745,,freehold/fee - simple; leasehold,none / vacant possession,leased operating interest sale only; none; re-positioning potential; sale and leaseback; value added opportunity,Brand_B,Location_H
uxg751,0,66707096,0,2713,,,,none; value added opportunity,Brand_E,Location_A
igi656,0,3553442,0,1240,,freehold/fee - simple,none / vacant possession,,Brand_E,Location_A
kif425,8872,7707865,525,4097,full service upscale,,,none; franchise,Brand_I,Location_O
pao134,6313,17189328,3500,285,budget/mid-market upscale; budget/mid-market midscale; budget/mid-market economy,,,,Brand_F,Location_F
kzw565,0,9474392,0,2273,,,,none; value added opportunity,Brand_E,Location_A
ifq483,2792,2874286,1042,1181,,,,none; franchise,Brand_H,Location_B
uot526,14699,5551500,7180,1828,,,,,Brand_D,Location_G
haf725,0,511549,0,355,,,,,Brand_G,Location_Y
kpd777,8297,3922160,1125,611,,,,,Brand_D,Location_G
uqn724,0,19644269,0,1556,,,,,Brand_G,Location_Y
aiu354,0,3224503,0,2335,full service midscale; budget/mid-market upscale; budget/mid-market midscale,,,distressed; land sale only (leasehold land tenure); none; none,Brand_J,Location_A
zoh825,2657,3619018,1328,1088,,,,,Brand_C,Location_O
eyj726,0,2638073,0,300,full service luxury,,,,Brand_D,Location_G
inn255,5729,13067337,451,1514,,,,,Brand_D,Location_G
dch272,0,2480798,0,401,,,,,Brand_H,Location_B
dcn383,15574,5656414,458,1190,,freehold/fee - simple,,none; franchise,Brand_E,Location_A
rxt672,0,26740615,0,1098,,,,,Brand_C,Location_O
ejp668,0,6188519,0,201,pub/licensed leisure,,,none,Brand_B,Location_H
dis812,0,22224110,0,1839,full service luxury; full service upscale,,,,Brand_F,Location_F
oba660,0,7560451,0,1374,budget/mid-market upscale; budget/mid-market midscale; budget/mid-market economy,,,,Brand_D,Location_G
gzz416,0,10893486,0,80,,,,,Brand_F,Location_F
ulw474,856,1574959,216,1874,,,,,Brand_H,Location_B
svh623,0,2016008,0,574,,,,,Brand_A,Location_W
tbl339,15400,11950295,212,465,pub/licensed leisure,,leased operating interest; management,,Brand_F,Location_F
gce532,0,14239828,0,1792,,,,,Brand_G,Location_Y
cjp408,0,17597973,0,1853,full service luxury; full service upscale; full service midscale; budget/mid-market upscale; budget/mid-market midscale; casino property; pub/licensed leisure; condo; development site; mixed use development; serviced apartments,,,,Brand_F,Location_F
qwh883,11314,10973960,322,1445,pub/licensed leisure,,,,Brand_J,Location_A
mld573,22405,1861347,2190,194,,,,,Brand_C,Location_O
tej856,25255,15797160,868,1463,pub/licensed leisure,,,,Brand_G,Location_Y
qjl289,3973,2689664,993,532,,,,,Brand_I,Location_O
rov590,0,15357755,0,607,,,,,Brand_E,Location_A
riy346,0,6537445,0,1286,pub/licensed leisure,,,,Brand_G,Location_Y
ssm893,12687,2303412,305,558,,,,,Brand_E,Location_A
fyv297,0,12001129,0,10113,,,brand; leased operating interest; management; none / vacant possession,,Brand_H,Location_B
yya549,4535,18509028,488,970,full service midscale,,,,Brand_B,Location_H
oay272,47859,3379847,699,470,,,,,Brand_J,Location_A
gff772,15011,2211011,427,1693,,,,,Brand_J,Location_A
fvs359,17438,1830564,463,1138,,,,,Brand_A,Location_W
vcp533,0,5792809,0,421,,,,none,Brand_A,Location_W
xqb881,0,4513525,0,823,full service luxury; full service upscale; full service midscale; budget/mid-market upscale; budget/mid-market midscale; development site; serviced apartments,,,,Brand_B,Location_H
ghu174,0,11145302,0,752,full service upscale,,brand; brand; franchise; franchise; management; management; none / vacant possession,,Brand_G,Location_Y
xgj532,17871,1683276,799,1637,,,,,Brand_G,Location_Y
pdu307,21780,16230016,558,2813,,,,,Brand_B,Location_H
tui764,24838,4022008,1555,355,,freehold/fee - simple,,none,Brand_I,Location_O
gqg668,42944,3670166,46,3126,,,,,Brand_I,Location_O
vns798,4217,6042904,2087,335,,,,,Brand_A,Location_W
pve863,0,7856947,0,169,,,,,Brand_F,Location_F
agw683,17309,2198968,252,701,,,,,Brand_F,Location_F
hpk116,0,9642284,0,3581,,,,none,Brand_G,Location_Y
zmw739,20408,4634856,217,671,,freehold/fee - simple,,,Brand_A,Location_W
wmi634,17115,3890476,660,1044,,,brand; franchise; leased operating interest; management; none / vacant possession,,Brand_B,Location_H
cbv900,0,13509802,0,5674,budget/mid-market midscale;  budget/mid-market upscale,,,,Brand_F,Location_F
acf269,0,11061071,0,328,,freehold/fee - simple; leasehold,,,Brand_E,Location_A
uca166,9065,3612121,194,4441,,,none / vacant possession; none / vacant possession,,Brand_C,Location_O
ggp277,0,3832353,0,6485,,,,,Brand_C,Location_O
jur532,0,7576355,0,1388,,,,none,Brand_D,Location_G
haj673,0,6434373,0,1279,budget/mid-market upscale; budget/mid-market midscale; budget/mid-market economy,,,,Brand_D,Location_G
hcm704,5956,13198583,3143,1048,,,leased operating interest; management; none / vacant possession,,Brand_H,Location_B
rxb719,1921,1436426,1060,1925,full service luxury; full service upscale; full service midscale; condo; development site; mixed use development,,brand; franchise; none / vacant possession,,Brand_F,Location_F
hyf392,37448,32110501,220,2867,,,brand; leased operating interest; management; none / vacant possession,development site,Brand_C,Location_O
gmg740,8007,20225458,765,3163,,,,,Brand_J,Location_A
wqb353,18272,4766980,1059,1976,budget/mid-market upscale; budget/mid-market midscale; budget/mid-market economy,,,,Brand_F,Location_F
czd812,0,8966704,0,2017,,,,,Brand_A,Location_W
pog579,0,5653457,0,1421,,,,conversion of use; development site; distressed; none; re-positioning potential; value added opportunity,Brand_J,Location_A
mir400,2589,10850476,62,6565,,,,,Brand_I,Location_O
ceg522,22596,1158331,3241,985,,freehold/fee - simple,none / vacant possession,,Brand_J,Location_A
krk176,5325,7629793,667,267,,,,,Brand_I,Location_O
xne870,0,2413121,0,940,,,,,Brand_F,Location_F
uzt180,21993,5798122,763,773,,,,,Brand_J,Location_A
kqr181,8443,42785064,200,1035,,,,,Brand_J,Location_A
wav858,0,3753700,0,2069,,,,distressed,Brand_F,Location_F
rjt832,27620,2748254,555,406,,,,,Brand_A,Location_W
vwl423,0,9981615,0,50193,,,brand; franchise; leased operating interest; management; none / vacant possession,,Brand_B,Location_H
inv222,0,2086153,0,2243,,,brand; franchise; leased operating interest; management; none / vacant possession,none,Brand_H,Location_B
whw856,26037,2711369,285,567,budget/mid-market upscale,,,,Brand_B,Location_H
tqg359,0,3239840,0,336,,,,,Brand_D,Location_G
kgv451,7101,22823830,390,4759,budget/mid-market upscale; budget/mid-market midscale; budget/mid-market economy,,none / vacant possession,,Brand_A,Location_W
vwf882,27498,9355515,436,482,,,,,Brand_J,Location_A
jaa271,0,25269439,0,286,full service luxury; full service upscale; full service midscale; budget/mid-market upscale; condo; development site; mixed use development,,,,Brand_D,Location_G
cmh333,1731,3121650,512,367,,,,,Brand_A,Location_W
rda778,0,5655401,0,741,,,,none,Brand_H,Location_B
lje448,5709,1527151,820,1533,,freehold/fee - simple,,,Brand_D,Location_G
lir719,0,27332648,0,1034,full service upscale; full service midscale; budget/mid-market upscale; budget/mid-market midscale; mixed use development; serviced apartments,freehold/fee - simple,,,Brand_J,Location_A
wcf738,0,4545689,0,766,,,,none,Brand_A,Location_W
yhi468,2393,2354932,273,130,,,,,Brand_C,Location_O
yha890,0,1541798,0,3013,,,,none,Brand_C,Location_O
sxp847,10039,2063848,205,652,development site,,,,Brand_A,Location_W
pzk860,31718,7973510,1197,1462,full service luxury; full service upscale,,,,Brand_J,Location_A
ohi807,25024,59099197,158,521,budget/mid-market upscale; budget/mid-market midscale; budget/mid-market economy,,none / vacant possession,,Brand_F,Location_F
xct435,0,3222445,0,1947,,,,,Brand_C,Location_O
lue618,0,3339763,0,656,,,,,Brand_E,Location_A
tpf877,0,4205971,0,766,,freehold/fee - simple,,,Brand_D,Location_G
igo852,0,1766956,0,362,,,,none,Brand_I,Location_O
xwu677,0,10874347,0,1208,,,,land sale only (leasehold land tenure),Brand_B,Location_H
uyo563,0,1526045,0,1959,,,,,Brand_E,Location_A
zow505,3102,31768250,2399,595,,,,,Brand_J,Location_A
qrj270,0,4518226,0,2386,,,,,Brand_F,Location_F
gjs900,80095,2583542,1347,730,,,,,Brand_B,Location_H
yoh403,3678,3077064,978,466,,,,,Brand_E,Location_A
bhn895,0,2205808,0,1716,,freehold/fee - simple; leasehold,,,Brand_I,Location_O
dvk304,0,1382556,0,320,,,,,Brand_A,Location_W
daj440,0,787667,0,745,full service upscale; full service midscale,,,,Brand_D,Location_G
ssy762,15024,1277789,279,312,,,,,Brand_H,Location_B
xvd404,5097,7189981,2845,561,,,,,Brand_H,Location_B
wic728,0,1615200,0,1504,casino property; mixed use development,leasehold,,,Brand_H,Location_B
pza428,2893,5226980,960,2557,,,,,Brand_J,Location_A
akj804,14415,10554671,197,1310,,,,,Brand_A,Location_W
pqs483,4126,14664156,348,941,,freehold/fee - simple,,,Brand_D,Location_G
xfk455,49235,8378403,478,269,pub/licensed leisure,,,,Brand_D,Location_G
grd814,0,2344402,0,178,,,,,Brand_A,Location_W
zwb618,27841,3612733,258,1135,,,,,Brand_A,Location_W
uqh148,23543,2252743,302,2555,,,,,Brand_D,Location_G
feu859,0,4182888,0,3412,,,,,Brand_H,Location_B
jhl393,8610,1908571,291,513,,,none / vacant possession,,Brand_D,Location_G
dpi747,0,15533578,0,19732,,,brand; franchise; management; none / vacant possession,none,Brand_C,Location_O
zgu531,0,7548988,0,4954,,,,,Brand_C,Location_O
nib416,0,533414,0,174,,,,,Brand_B,Location_H
iul842,6475,3411369,4130,489,pub/licensed leisure,,,,Brand_J,Location_A
tzs427,17323,8054208,284,339,,,none / vacant possession,,Brand_E,Location_A
kjv482,18841,9262790,144,988,,,,,Brand_I,Location_O
wus244,0,1709726,0,2326,full service upscale; full service midscale; budget/mid-market upscale; budget/mid-market midscale; budget/mid-market economy; development site,,none / vacant possession,,Brand_B,Location_H
kgc724,0,865283,0,1263,pub/licensed leisure,,,,Brand_G,Location_Y
hed566,24749,17331581,366,2959,,freehold/fee - simple; leasehold,,,Brand_C,Location_O
qlm239,0,4279728,0,109,,,,,Brand_J,Location_A
epl721,4017,2443598,1132,1287,,,,,Brand_A,Location_W
cui871,0,5235796,0,555,,freehold/fee - simple; part freehold / leasehold,,,Brand_B,Location_H
mdh190,13582,4654001,1755,841,,,none / vacant possession,value added opportunity,Brand_C,Location_O
wqh327,0,9175248,0,1070,pub/licensed leisure,,,,Brand_C,Location_O
gla746,0,330363,0,368,,,none / vacant possession,,Brand_A,Location_W
lgh516,0,33497368,0,622,,,,,Brand_D,Location_G
phc871,10898,3269458,269,3220,,,,,Brand_E,Location_A
tii348,35599,1727856,896,1040,full service upscale; budget/mid-market midscale; condo; development site,,,,Brand_I,Location_O
lnm283,10306,5757069,1744,981,budget/mid-market midscale;  budget/mid-market upscale,,,,Brand_A,Location_W
mef168,0,1845715,0,1311,,,,,Brand_E,Location_A
opt404,0,33807562,0,277,,,,,Brand_D,Location_G
lfq732,12707,1167791,586,1272,,,,,Brand_H,Location_B
pnk412,1578,1740345,254,2502,pub/licensed leisure,,none / vacant possession,none,Brand_E,Location_A
rue184,0,1125386,0,3942,,,,,Brand_F,Location_F
tls129,0,2649251,0,1761,,,,,Brand_E,Location_A
zvz180,0,3550855,0,1415,,,,,Brand_J,Location_A
pzr426,10424,2645068,582,220,pub/licensed leisure,,,none,Brand_J,Location_A
mjp593,6474,2127970,2097,378,full service luxury; budget/mid-market upscale; budget/mid-market midscale; budget/mid-market economy; pub/licensed leisure,,,none,Brand_I,Location_O
gjb353,6276,20628530,251,1195,,freehold/fee - simple; leasehold,leased operating interest; management; none / vacant possession,,Brand_G,Location_Y
hme160,24063,2092422,677,2208,,,,,Brand_F,Location_F
txu283,9625,11978938,405,846,,,,,Brand_A,Location_W
thu889,0,13436294,0,167,,,,,Brand_E,Location_A
ldv400,5828,1248918,1140,2190,,freehold/fee - simple; leasehold,,,Brand_F,Location_F
itp898,0,3907470,0,2544,,,,development site,Brand_E,Location_A
tiv381,4220,5205623,976,432,budget/mid-market upscale; budget/mid-market midscale; budget/mid-market economy,,,,Brand_J,Location_A
hmn142,16238,1996215,326,2381,full service upscale; budget/mid-market upscale; budget/mid-market midscale,,,,Brand_E,Location_A
krb728,8721,330028,629,1852,,,brand; franchise; leased operating interest; management; none / vacant possession,,Brand_G,Location_Y
tni496,5333,845072,718,1450,budget/mid-market upscale; budget/mid-market midscale; budget/mid-market economy,,,none,Brand_G,Location_Y
ype677,0,36004082,0,3026,budget/mid-market upscale; budget/mid-market midscale; budget/mid-market economy,,,none,Brand_F,Location_F
mxu335,24758,5680264,142,227,budget/mid-market upscale; budget/mid-market midscale; budget/mid-market economy; pub/licensed leisure,,none / vacant possession,,Brand_B,Location_H
esp485,0,1535972,0,1698,,,,,Brand_A,Location_W
mma342,11046,6127373,758,359,,,,,Brand_G,Location_Y
omt568,0,6485315,0,345,full service luxury; full service upscale; full service midscale; budget/mid-market upscale; budget/mid-market midscale; budget/mid-market economy,,,,Brand_J,Location_A
nvi159,0,23146093,0,442,,,,none,Brand_C,Location_O
fxs718,0,1805470,0,427,,freehold/fee - simple,,,Brand_G,Location_Y
med612,0,4056673,0,2507,,freehold/fee - simple; leasehold; part freehold / leasehold,brand; franchise; leased operating interest; management,,Brand_D,Location_G
zry179,10547,2195087,198,28643,,,,,Brand_G,Location_Y
mlv567,0,6446450,0,2065,,,,,Brand_D,Location_G
eah699,0,7228158,0,1845,pub/licensed leisure,,,none; franchise,Brand_G,Location_Y
ijs695,7920,9480666,1061,1913,,freehold/fee - simple,,,Brand_E,Location_A
akf295,19230,468913,181,393,,,,,Brand_B,Location_H
njf250,15308,2641750,413,1002,,,,,Brand_E,Location_A
fzg843,5705,3696633,1067,3230,,,brand; management,,Brand_A,Location_W
tjz766,3108,6083861,1258,234,,,,none,Brand_H,Location_B
mqg749,0,4229617,0,1695,,,,,Brand_H,Location_B
eux158,13487,45469810,183,883,pub/licensed leisure,,,,Brand_H,Location_B
ije707,2554,4964978,1006,607,,,,,Brand_B,Location_H
zzk766,0,4043645,0,2331,full service upscale; full service midscale; budget/mid-market upscale; budget/mid-market midscale; budget/mid-market economy,,,none,Brand_G,Location_Y
txz208,11641,7832151,114,477,full service midscale,,,,Brand_I,Location_O
cys564,0,13552515,0,1318,,,,,Brand_A,Location_W
jtt836,0,4509119,0,312,,,,,Brand_H,Location_B
nut548,7364,7389722,988,1925,,,brand; management; none / vacant possession,,Brand_J,Location_A
vfa192,3507,11596268,1151,355,,,,distressed; none; re-positioning potential; value added opportunity,Brand_G,Location_Y
gwt334,3458,7788149,392,1354,,,,none,Brand_J,Location_A
ghc219,0,5307386,0,473,,,none / vacant possession,conversion of use; development site; development site; distressed; labor union agreement; none; re-positioning potential; re-positioning potential; re-positioning potential; value added opportunity; value added opportunity; franchise,Brand_C,Location_O
dbm472,0,37176314,0,2272,,,,none; re-positioning potential; value added opportunity,Brand_C,Location_O
vvg746,8991,899090,361,1284,,,,,Brand_A,Location_W
gwh107,0,24637545,0,601,pub/licensed leisure,,,,Brand_B,Location_H
pjj586,4180,29488920,226,4457,,,,none,Brand_F,Location_F
myr768,2412,3533075,823,1548,full service luxury; full service upscale; full service midscale,,,,Brand_B,Location_H
exf451,0,28888260,0,979,,,,,Brand_D,Location_G
rfl581,23688,3190981,75,218,pub/licensed leisure,,,distressed; none; value added opportunity,Brand_A,Location_W
xty794,7353,7032062,544,367,,freehold/fee - simple,,,Brand_J,Location_A
yzm596,65773,3453412,544,1597,full service luxury; full service upscale; full service midscale; budget/mid-market upscale; budget/mid-market midscale; casino property; pub/licensed leisure; condo; development site; mixed use development; serviced apartments,,,,Brand_E,Location_A
icy732,12351,2632149,334,1197,budget/mid-market midscale;  budget/mid-market upscale,,,none,Brand_J,Location_A
unm515,0,4798088,0,948,,,,,Brand_D,Location_G
sbr191,0,12494180,0,4250,full service luxury; full service midscale,,,,Brand_I,Location_O
ysy593,9480,3854746,457,489,,,,,Brand_E,Location_A
qvm569,27793,2726067,325,321,budget/mid-market upscale; budget/mid-market midscale; budget/mid-market economy,,,none; re-positioning potential; franchise,Brand_J,Location_A
oss631,0,31075378,0,330,,,,,Brand_I,Location_O
jza626,0,3472945,0,1184,budget/mid-market upscale; budget/mid-market midscale; budget/mid-market economy,,,,Brand_F,Location_F
yan561,13277,10441711,409,762,,,,,Brand_B,Location_H
ldh304,8694,2017658,514,409,,,,,Brand_J,Location_A
xke354,18050,25386170,977,1269,,,none / vacant possession,,Brand_B,Location_H
vie428,1355,2079163,2835,936,,,,none,Brand_J,Location_A
clq599,0,7571491,0,1676,pub/licensed leisure,,,,Brand_H,Location_B
jow168,0,6879141,0,1376,,,,development site; leased operating interest sale only; none; sale and leaseback,Brand_D,Location_G
lkf630,14876,6159885,229,674,,,,,Brand_C,Location_O
puj689,0,7886355,0,503,pub/licensed leisure,,,,Brand_D,Location_G
xgv661,3190,5364132,508,1281,full service upscale; full service midscale; budget/mid-market upscale; budget/mid-market midscale; development site,freehold/fee - simple,,,Brand_C,Location_O
qai715,0,21305729,0,1163,,,,,Brand_C,Location_O
usu687,10735,6478791,340,3291,,,brand; management; none / vacant possession,,Brand_H,Location_B
fpa574,0,4772797,0,731,,,,,Brand_J,Location_A
pnr367,0,8670447,0,540,,,,none,Brand_A,Location_W
lwh756,0,2497863,0,320,pub/licensed leisure,,,,Brand_H,Location_B
ari845,6906,18190492,389,1010,budget/mid-market midscale;  budget/mid-market upscale,,brand; franchise; management; none / vacant possession,,Brand_F,Location_F
qbo369,0,4773832,0,2935,budget/mid-market upscale,,brand; brand; franchise; franchise; management; none / vacant possession,,Brand_C,Location_O
jux293,12039,2875579,2381,736,pub/licensed leisure,,,none,Brand_G,Location_Y
nda411,0,381294,0,1572,,,,,Brand_G,Location_Y
vhe324,2107,17276240,511,907,,freehold/fee - simple; leasehold,none / vacant possession,conversion of use; development site; distressed; land sale only (leasehold land tenure); none; re-positioning potential; sale and manageback; value added opportunity,Brand_D,Location_G
qpd150,0,4634571,0,626,,,,,Brand_D,Location_G
vfs203,8089,3640013,1261,1032,budget/mid-market upscale; budget/mid-market midscale; budget/mid-market economy,,,,Brand_I,Location_O
jwj421,0,1660418,0,1651,,,,none,Brand_I,Location_O
yap639,26282,6157522,1994,302,budget/mid-market upscale; budget/mid-market midscale,,,,Brand_D,Location_G
zos132,30788,4050406,927,489,full service luxury; full service upscale; full service midscale; budget/mid-market upscale; budget/mid-market midscale; budget/mid-market economy; casino property; pub/licensed leisure; condo; development site; mixed use development; serviced apartments,,,,Brand_G,Location_Y
faq419,28106,2386593,486,4503,,,,,Brand_C,Location_O
zbb152,0,17412332,0,2864,,,,,Brand_B,Location_H
tfu739,2486,28802768,407,4876,,,,,Brand_B,Location_H
fjt829,0,14021770,0,5161,full service luxury; full service upscale; full service midscale; budget/mid-market upscale; budget/mid-market midscale; budget/mid-market economy,,,,Brand_I,Location_O
rkh729,12100,3766798,1589,943,,,,distressed; labor union agreement; leased operating interest sale only; none; re-positioning potential; value added opportunity,Brand_D,Location_G
eof579,0,12498873,0,224,,,,,Brand_J,Location_A
sjj348,11177,3221738,147,2128,,,,,Brand_B,Location_H
bly474,0,2857059,0,1431,budget/mid-market midscale;  budget/mid-market upscale,,,land sale only (leasehold land tenure); none,Brand_D,Location_G
xdp360,0,16838984,0,1026,budget/mid-market upscale; budget/mid-market midscale; budget/mid-market economy,,,,Brand_D,Location_G
ymo839,0,31818102,0,476,,,,,Brand_I,Location_O
arq740,38994,17851557,551,1223,,,,,Brand_J,Location_A
qci581,2561,2320922,910,140,,,,,Brand_E,Location_A
oox408,0,7779709,0,867,,,,none,Brand_I,Location_O
zyh161,0,6635778,0,723,pub/licensed leisure,,,conversion of use; conversion of use; development site; distressed; labor union agreement; labor union agreement; none; re-positioning potential; value added opportunity; value added opportunity; value added opportunity,Brand_H,Location_B
smy798,46260,26371461,5860,1081,,,brand; franchise; leased operating interest; management,conversion of use; conversion of use; development site; distressed; none; re-positioning potential; re-positioning potential; value added opportunity; value added opportunity,Brand_G,Location_Y
frp843,5519,7615631,482,3601,,,,,Brand_G,Location_Y
cph112,1420,1963638,263,1697,,,,conversion of use; development site; distressed; distressed; labor union agreement; none; re-positioning potential; value added opportunity; value added opportunity,Brand_G,Location_Y
hsl679,4266,16688673,228,1363,,,,,Brand_C,Location_O
mha230,0,815853,0,361,,,,none,Brand_G,Location_Y
kpj235,0,5697226,0,414,,,,,Brand_F,Location_F
syl295,4805,698957,796,2722,,,,,Brand_F,Location_F
ebf634,8107,4829042,833,1052,,,,,Brand_A,Location_W
jkn697,0,9930938,0,216,budget/mid-market upscale; budget/mid-market midscale; budget/mid-market economy,,,,Brand_B,Location_H
xya625,0,11472858,0,400,,,brand; franchise; management,,Brand_C,Location_O
tbt176,0,28877436,0,292,,,,,Brand_B,Location_H
fkc142,10185,1344090,88,255,full service luxury; full service upscale; full service midscale; budget/mid-market upscale; budget/mid-market midscale; casino property; pub/licensed leisure; condo; development site; mixed use development; serviced apartments,,,,Brand_E,Location_A
lum184,3538,16388525,1738,2736,,freehold/fee - simple,,,Brand_G,Location_Y
kfs851,13619,7115322,531,110,,,,,Brand_C,Location_O
yju598,0,6854196,0,3684,,,,,Brand_A,Location_W
lfy604,0,13841044,0,459,full service luxury; full service upscale; full service midscale; budget/mid-market upscale; budget/mid-market midscale; casino property; development site; mixed use development; serviced apartments,,,,Brand_H,Location_B
hrj857,10336,9092540,1244,1159,,,,,Brand_C,Location_O
ffg416,783,3511615,462,578,,,,,Brand_B,Location_H
esx887,0,2326134,0,430,,,,,Brand_F,Location_F
vln140,9079,7761737,916,2021,full service luxury; full service upscale; full service midscale; budget/mid-market upscale,,,,Brand_C,Location_O
zqf137,4976,6159616,287,1510,,,,land sale only (leasehold land tenure),Brand_G,Location_Y
aya337,0,3972827,0,859,,freehold/fee - simple; leasehold; part freehold / leasehold,,,Brand_E,Location_A
tsu641,2684,8946564,1415,7315,,,brand; franchise; leased operating interest; management,,Brand_H,Location_B
swy309,0,8286467,0,575,,,,conversion of use; conversion of use; development site; labor union agreement; none; re-positioning potential; re-positioning potential; value added opportunity; value added opportunity,Brand_I,Location_O
tng890,0,3787467,0,3601,full service midscale,,,,Brand_F,Location_F
qai626,0,9038136,0,3790,,,,,Brand_A,Location_W
lgv751,388,2840808,395,852,,,,,Brand_C,Location_O
zpj576,7270,3554587,147,673,,,,,Brand_D,Location_G
kee871,10015,8127502,2652,885,,,brand; brand; franchise; leased operating interest; management; management; none / vacant possession,leased operating interest sale only; none,Brand_D,Location_G
kae680,0,7251318,0,1600,pub/licensed leisure,,brand; none / vacant possession,,Brand_I,Location_O
qgg890,3665,3181133,489,649,,,,value added opportunity,Brand_J,Location_A
qwf379,0,2329083,0,891,,freehold/fee - simple,,,Brand_A,Location_W
snv307,0,19379061,0,750,,leasehold,,development site; distressed; none; re-positioning potential; value added opportunity,Brand_B,Location_H
lzi896,0,929282,0,1144,full service upscale; full service midscale; budget/mid-market upscale; pub/licensed leisure,,,,Brand_I,Location_O
jnf650,0,2358635,0,1346,,,,,Brand_A,Location_W
jkt768,22132,9168480,228,1481,,,,,Brand_E,Location_A
gjj408,0,6025298,0,2415,,,,,Brand_A,Location_W
jjt578,0,1061579,0,2661,full service upscale; full service midscale; budget/mid-market upscale; budget/mid-market midscale,freehold/fee - simple,,,Brand_C,Location_O
uae470,0,2717748,0,1165,,,,,Brand_I,Location_O
hzc303,55851,12140941,457,2478,,,,,Brand_E,Location_A
bly744,0,1702823,0,894,,,,,Brand_G,Location_Y
dyk578,0,3481901,0,1559,,,,none,Brand_A,Location_W
lxo864,0,3797154,0,856,,,,,Brand_G,Location_Y
ypl730,4062,1069306,412,1199,,,,,Brand_I,Location_O
kmg410,13546,3824513,1382,1086,,,,,Brand_E,Location_A
qhk447,0,34668513,0,2216,,,,,Brand_D,Location_G
bte117,0,5161879,0,541,,,,,Brand_B,Location_H
rpv486,0,13966057,0,353,,,none / vacant possession,,Brand_H,Location_B
swx826,0,3588557,0,151,,,brand; brand; franchise; leased operating interest; management; management; none / vacant possession; none / vacant possession,,Brand_H,Location_B
dhy270,0,4856135,0,574,,,,,Brand_E,Location_A
afs339,0,9031954,0,2428,full service luxury; full service upscale; full service midscale; budget/mid-market upscale; budget/mid-market midscale; casino property; pub/licensed leisure; condo; development site; mixed use development; serviced apartments,freehold/fee - simple; leasehold; part freehold / leasehold,,,Brand_D,Location_G
fix181,15547,2639852,158,7365,,,,,Brand_G,Location_Y
sad244,0,6895824,0,1406,,,,none,Brand_C,Location_O
pot569,76904,9598132,428,407,,,,,Brand_D,Location_G
syy552,0,999791,0,1579,full service upscale,,none / vacant possession,none; franchise,Brand_H,Location_B
lqp641,0,18658691,0,1190,,,,,Brand_C,Location_O
qun617,0,1619671,0,2924,,,,,Brand_I,Location_O
ohn177,7074,5250724,190,3436,budget/mid-market midscale;  budget/mid-market upscale,,,,Brand_G,Location_Y
fpq497,7855,15412011,611,650,full service upscale,,,,Brand_J,Location_A
zje430,0,10047445,0,347,full service luxury; full service upscale; full service midscale; budget/mid-market upscale; budget/mid-market midscale,,,none,Brand_B,Location_H
dby440,84721,768364,58,122,,,,conversion of use; development site; re-positioning potential; re-positioning potential; value added opportunity; value added opportunity,Brand_J,Location_A
aeb598,0,7755039,0,1444,,,,none,Brand_I,Location_O
pqr807,4301,57617551,3814,2203,,,,,Brand_E,Location_A
lgx676,2166,4967182,414,452,,freehold/fee - simple,,,Brand_F,Location_F
nbf404,0,4391702,0,2278,,freehold/fee - simple,,,Brand_H,Location_B
nnx435,0,6055693,0,1203,,,,,Brand_F,Location_F
osa889,0,7793644,0,684,full service luxury,,,,Brand_E,Location_A
utb640,0,5125950,0,778,,,none / vacant possession,,Brand_B,Location_H
bqr162,5304,14863956,269,1251,full service luxury; full service upscale; full service midscale; budget/mid-market upscale; budget/mid-market midscale; development site; mixed use development,,,none,Brand_G,Location_Y
loo132,78355,943701,826,497,,,,none,Brand_E,Location_A
jko587,0,4220462,0,4515,,,,,Brand_D,Location_G
isn560,0,7845205,0,1845,,,,distressed; none; re-positioning potential; sale and leaseback; sale and manageback; value added opportunity,Brand_C,Location_O
plq673,3199,18329166,140,10177,,,,none; re-positioning potential; value added opportunity,Brand_C,Location_O
arv346,13159,8424579,1790,1522,,,,,Brand_H,Location_B
cvz818,68465,5256459,446,759,budget/mid-market upscale; budget/mid-market midscale; budget/mid-market economy; pub/licensed leisure,,,,Brand_I,Location_O
gwo201,11360,3614046,4575,875,full service upscale; full service midscale; condo; mixed use development; serviced apartments,,,,Brand_H,Location_B
spf563,0,6936613,0,2772,,,,,Brand_C,Location_O
lyj568,0,6250970,0,1198,full service luxury; full service upscale; full service midscale; budget/mid-market upscale; budget/mid-market midscale; mixed use development,freehold/fee - simple,franchise,,Brand_F,Location_F
yfv883,8804,17563016,484,10287,,,,,Brand_F,Location_F
luw744,0,4100388,0,1059,full service upscale; full service midscale; budget/mid-market upscale; budget/mid-market midscale; development site,,,distressed; none; re-positioning potential,Brand_F,Location_F
koj246,44017,12558287,921,4183,,,,,Brand_G,Location_Y
aep521,8648,41703254,752,322,,,,,Brand_I,Location_O
bxa226,38393,6673103,514,1264,pub/licensed leisure,,,none,Brand_I,Location_O
sjz557,3908,7479627,657,34,,,,,Brand_G,Location_Y
psq344,0,2073508,0,1879,,,,,Brand_C,Location_O
jaj809,0,4738222,0,3374,,,,,Brand_C,Location_O
dcj373,25510,13438777,239,668,,,none / vacant possession,,Brand_J,Location_A
odr650,0,821528,0,1388,,freehold/fee - simple,,,Brand_G,Location_Y
geo436,0,5239249,0,828,,,brand; brand; franchise; leased operating interest; management; management; none / vacant possession; none / vacant possession,,Brand_B,Location_H
bil594,0,8286399,0,1558,budget/mid-market upscale; budget/mid-market midscale,,,,Brand_A,Location_W
ioo219,0,23562596,0,324,,,,,Brand_C,Location_O
iym697,12626,5758289,362,632,pub/licensed leisure,,brand; franchise; leased operating interest; management,,Brand_C,Location_O
mcw597,0,7471269,0,1453,,freehold/fee - simple,,,Brand_G,Location_Y
emt383,11779,11818395,1848,2453,budget/mid-market midscale;  budget/mid-market upscale,,,,Brand_E,Location_A
xmv478,0,978851,0,1788,,,,,Brand_B,Location_H
igv679,0,2592042,0,1281,,,,,Brand_H,Location_B
wlv453,1263,8692470,329,2031,,,,,Brand_F,Location_F
ghj377,2850,1266433,837,596,,,,,Brand_A,Location_W
cuo586,13284,1849949,792,276,,,,,Brand_A,Location_W
dva481,8179,10326106,263,1135,,,none / vacant possession,,Brand_F,Location_F
wwm630,42212,3464079,529,2899,,,,none,Brand_D,Location_G
wri819,2189,14101071,1805,2926,,freehold/fee - simple,,,Brand_A,Location_W
cst152,0,10776518,0,130,budget/mid-market upscale; budget/mid-market midscale; budget/mid-market economy,,none / vacant possession,,Brand_J,Location_A
itz570,0,25030404,0,535,,,,,Brand_F,Location_F
awt717,0,3720096,0,420,,,,,Brand_J,Location_A
ezx848,1785,22471742,998,5159,budget/mid-market midscale,,,,Brand_E,Location_A
oxd884,24762,1699313,205,156,,,none / vacant possession,none,Brand_F,Location_F
syi141,0,3356670,0,1939,full service luxury; full service upscale; full service midscale; budget/mid-market upscale; budget/mid-market midscale; casino property; pub/licensed leisure; condo; development site; mixed use development; serviced apartments,freehold/fee - simple,,,Brand_F,Location_F
dua587,35334,6945131,1305,2188,,,,none,Brand_G,Location_Y
vgg403,0,2666151,0,3379,,,,none,Brand_B,Location_H
ftb155,0,17996961,0,485,,,,none,Brand_H,Location_B
bav669,0,7023825,0,284,,,,,Brand_B,Location_H
wgo254,0,1214445,0,317,,freehold/fee - simple,,development site; none; franchise,Brand_F,Location_F
kwe758,0,8722603,0,2399,,freehold/fee - simple,none / vacant possession,,Brand_D,Location_G
meo504,3181,6793101,254,355,,,,,Brand_A,Location_W
dbm835,10798,20050142,2411,1941,,freehold/fee - simple; leasehold; part freehold / leasehold,,,Brand_B,Location_H
ekp869,30038,2208062,1113,2249,,freehold/fee - simple,brand; management; management; none / vacant possession,,Brand_G,Location_Y
yhx837,1413,11207723,2288,675,,,,,Brand_I,Location_O
isz797,2089,10679728,831,627,,,,,Brand_F,Location_F
iqi140,4975,3742626,4477,1668,full service upscale; full service midscale; budget/mid-market upscale; budget/mid-market midscale,freehold/fee - simple,brand; franchise; leased operating interest; management,,Brand_E,Location_A
hui262,3953,2872517,53,1820,,freehold/fee - simple,,conversion of use; development site; distressed; none; value added opportunity,Brand_H,Location_B
pnr453,0,2324066,0,173,full service midscale,,,,Brand_E,Location_A
ghr423,39195,12570458,1189,619,budget/mid-market midscale;  budget/mid-market upscale,,,development site,Brand_G,Location_Y
wtq416,0,485009,0,119,budget/mid-market midscale,,,,Brand_G,Location_Y
shj886,0,1811700,0,412,,,brand; brand; franchise; management,,Brand_H,Location_B
ikx383,2952,4868735,558,1125,full service upscale; full service midscale; budget/mid-market upscale; budget/mid-market midscale; development site; mixed use development; serviced apartments,,,,Brand_F,Location_F
nvk623,0,5961584,0,351,,,,none,Brand_E,Location_A
qhf433,0,10508425,0,1622,full service luxury; full service upscale; full service midscale; budget/mid-market upscale; budget/mid-market midscale; casino property; pub/licensed leisure; condo; development site; mixed use development; serviced apartments,,,,Brand_J,Location_A
ljh230,0,9551432,0,141,pub/licensed leisure,,,,Brand_D,Location_G
wzm598,1266,43362877,612,196,full service luxury; full service upscale; full service midscale; budget/mid-market upscale; budget/mid-market midscale; casino property; pub/licensed leisure; condo; development site; mixed use development; serviced apartments,,,,Brand_G,Location_Y
gaz484,1052,6548033,279,2413,,,,,Brand_I,Location_O
btl245,7277,7070539,142,792,budget/mid-market upscale; budget/mid-market midscale; budget/mid-market economy,,none / vacant possession,,Brand_H,Location_B
onp294,4634,6502646,2215,3980,full service upscale; budget/mid-market midscale;  budget/mid-market upscale,,,conversion of use; development site; distressed; none,Brand_H,Location_B
que622,0,1522989,0,837,budget/mid-market midscale,,,none,Brand_C,Location_O
sqz662,0,15515703,0,897,budget/mid-market upscale; budget/mid-market midscale; budget/mid-market economy,,none / vacant possession,,Brand_F,Location_F
etq265,0,1056843,0,4684,,,,,Brand_F,Location_F
dwg567,4460,10134049,224,1176,full service luxury; full service upscale; full service midscale; budget/mid-market upscale; casino property; condo; development site; mixed use development,,,,Brand_C,Location_O
cek879,6993,817588,1007,4575,pub/licensed leisure,freehold/fee - simple,,,Brand_C,Location_O
qjq761,2289,6468567,3138,750,,,,,Brand_H,Location_B
arq353,0,4048474,0,620,,,,,Brand_I,Location_O
hcz627,9464,16536144,1546,1326,pub/licensed leisure,,,,Brand_E,Location_A
kme262,9250,3749338,137,618,,,,,Brand_H,Location_B
iuw575,8497,8684669,353,1152,,,,,Brand_J,Location_A
izz853,0,1198069,0,1271,,,none / vacant possession,,Brand_I,Location_O
ovv751,0,2990231,0,762,full service luxury; full service upscale; full service midscale; budget/mid-market upscale; budget/mid-market midscale; budget/mid-market economy,,none / vacant possession,,Brand_H,Location_B
bmr298,9046,5313173,345,1773,,,,,Brand_B,Location_H
poz625,0,3362966,0,691,,,,,Brand_J,Location_A
hod349,0,2995362,0,478,,,,,Brand_E,Location_A
lbh772,0,1565236,0,509,,,,,Brand_I,Location_O
wpb664,0,2592882,0,1785,,,,,Brand_E,Location_A
zvw699,1471,4417358,447,1342,,,,,Brand_F,Location_F
inb521,0,3372720,0,1565,,,,,Brand_H,Location_B
vlz868,0,7985293,0,325,full service upscale,,franchise,,Brand_E,Location_A
iov476,0,10791249,0,680,,,,none,Brand_C,Location_O
dfo420,0,9652192,0,143,,,,,Brand_D,Location_G
mqi840,0,3267782,0,122,,,,,Brand_H,Location_B
gyv649,0,70207797,0,1190,,,,,Brand_F,Location_F
eqk746,0,6654234,0,1046,,,brand; management,none,Brand_J,Location_A
mmq848,3509,11095754,605,344,budget/mid-market upscale; budget/mid-market midscale; budget/mid-market economy; pub/licensed leisure,,,,Brand_C,Location_O
iej900,18900,1822905,1350,1771,,,,,Brand_G,Location_Y
bdr781,0,7209385,0,1563,budget/mid-market midscale;  budget/mid-market upscale,,,none,Brand_B,Location_H
bco542,0,1176086,0,3476,budget/mid-market midscale;  budget/mid-market upscale,,,,Brand_F,Location_F
vcs796,0,14747409,0,477,full service luxury; full service upscale; full service midscale,,,none,Brand_E,Location_A
gcd137,0,7357411,0,2017,,freehold/fee - simple; part freehold / leasehold,,none,Brand_I,Location_O
hkp795,0,17725901,0,461,budget/mid-market upscale; budget/mid-market midscale; budget/mid-market economy; pub/licensed leisure,,,,Brand_G,Location_Y
tke516,4288,2030908,484,303,,,,none; re-positioning potential,Brand_H,Location_B
zgf888,0,13363870,0,1045,full service luxury; full service upscale; full service midscale; budget/mid-market upscale; budget/mid-market midscale; casino property; pub/licensed leisure; condo; development site; mixed use development; serviced apartments,,,,Brand_F,Location_F
npi382,0,2324735,0,1283,,,,,Brand_I,Location_O
unr143,0,3771749,0,2682,,,brand; brand; management,,Brand_B,Location_H
awq386,19757,14161743,2942,1709,budget/mid-market midscale; serviced apartments,,,none,Brand_J,Location_A
kbh452,12279,5681879,999,248,,,,,Brand_F,Location_F
yws499,18915,1165309,691,425,,,,,Brand_C,Location_O
lhn853,0,884683,0,1749,,,,,Brand_H,Location_B
txn207,22648,9525225,911,235,,,,,Brand_B,Location_H
ajw321,0,7382619,0,620,,,,development site; none,Brand_C,Location_O
vnv398,0,1405744,0,372,,,brand; franchise; leased operating interest; management; none / vacant possession,distressed; none; re-positioning potential; value added opportunity; franchise,Brand_C,Location_O
lxh845,23639,2370585,235,1872,,,,,Brand_D,Location_G
xvx624,31573,3727667,325,9392,,,,,Brand_C,Location_O
dda549,0,2482045,0,924,,,,none,Brand_H,Location_B
und454,0,11028028,0,460,,freehold/fee - simple; leasehold,brand; management,,Brand_B,Location_H
fgb366,0,1673562,0,405,budget/mid-market midscale;  budget/mid-market upscale,freehold/fee - simple,,,Brand_A,Location_W
nyq368,0,11960870,0,1930,,,,,Brand_A,Location_W
evl758,24511,4644109,430,1171,budget/mid-market midscale;  budget/mid-market upscale,,,,Brand_I,Location_O
wua206,0,3196359,0,369,pub/licensed leisure,,,,Brand_J,Location_A
iyl491,21693,10798784,555,202,,,,distressed; none; value added opportunity,Brand_I,Location_O
cej123,0,3832839,0,585,,,,,Brand_D,Location_G
qwk430,2525,6844006,105,1042,pub/licensed leisure,,,,Brand_H,Location_B
ksr188,23652,16227283,545,776,,,,,Brand_H,Location_B
puw261,0,2825765,0,438,,,,,Brand_I,Location_O
rnf186,8463,5997894,469,2518,,,brand; franchise; none / vacant possession,,Brand_J,Location_A
dde823,0,1695390,0,696,,,none / vacant possession,,Brand_E,Location_A
zyz780,3354,10073864,322,1456,,freehold/fee - simple,,conversion of use; development site; distressed; labor union agreement; land sale only (leasehold land tenure); leased operating interest sale only; none; re-positioning potential; re-positioning potential; value added opportunity; value added opportunity,Brand_B,Location_H
aum672,0,4599086,0,4381,,freehold/fee - simple,,none; franchise,Brand_E,Location_A
vyx219,9258,1504011,406,438,,,,,Brand_B,Location_H
iwi601,0,1938417,0,3266,budget/mid-market midscale;  budget/mid-market upscale,,,,Brand_B,Location_H
jna793,9208,9451829,422,914,pub/licensed leisure,freehold/fee - simple,,,Brand_D,Location_G
wce780,0,7965341,0,315,,,,,Brand_G,Location_Y
iig346,7917,10196408,152,3907,full service luxury; development site; serviced apartments,,,,Brand_A,Location_W
auk406,0,6793959,0,5101,,,,none,Brand_D,Location_G
hkd855,0,9479837,0,563,,,,,Brand_G,Location_Y
viz713,23972,4465982,562,649,pub/licensed leisure,,,,Brand_I,Location_O
yju826,32041,10570647,75,196,,,none / vacant possession,,Brand_C,Location_O
qes224,0,5871475,0,2388,,freehold/fee - simple; leasehold; part freehold / leasehold,,,Brand_E,Location_A
ixb840,60261,919473,4157,1573,budget/mid-market upscale; budget/mid-market midscale; budget/mid-market economy,,,none,Brand_B,Location_H
nci521,0,9067811,0,2343,,,brand; franchise; leased operating interest; management,,Brand_E,Location_A
ebs479,4231,8036027,222,13236,,,,,Brand_E,Location_A
zlg874,3131,3644539,1451,323,budget/mid-market midscale;  budget/mid-market upscale,,,,Brand_B,Location_H
dzc688,0,1731314,0,3403,,,brand; management; none / vacant possession,conversion of use; leased operating interest sale only; none; re-positioning potential; sale and leaseback; sale and manageback; value added opportunity; freeholder sale only (leasehold asset),Brand_H,Location_B
bsw569,69855,2515002,678,675,,,,,Brand_G,Location_Y
siy482,51185,5351214,113,2239,full service luxury; full service midscale,,,,Brand_C,Location_O
ewx755,0,4873648,0,568,full service upscale,,,none; franchise,Brand_A,Location_W
ufg319,0,9402167,0,301,,,,,Brand_B,Location_H
ewj895,25048,6745637,132,911,,,,none,Brand_I,Location_O
nrh204,0,3523006,0,833,,,leased operating interest; none / vacant possession,,Brand_C,Location_O
ilv634,0,3116012,0,1623,,,,,Brand_B,Location_H
uzp428,0,4170505,0,266,,,,,Brand_A,Location_W
djp606,0,3008111,0,750,budget/mid-market midscale,,none / vacant possession; none / vacant possession,,Brand_F,Location_F
hdx127,78698,16425053,612,1015,pub/licensed leisure,,,none,Brand_A,Location_W
uiv243,0,12036785,0,1469,,,none / vacant possession,,Brand_C,Location_O
vwp502,34647,7945832,103,4754,,,,,Brand_B,Location_H
njg183,15502,3287583,1221,10837,,,,,Brand_B,Location_H
brv670,5287,15902517,91,352,,freehold/fee - simple,,,Brand_E,Location_A
fez900,4632,1995011,1442,164,,,,,Brand_G,Location_Y
wvs504,27665,11370974,1853,1196,,,,,Brand_B,Location_H
mot773,0,358943,0,1400,full service upscale; budget/mid-market upscale; budget/mid-market midscale; budget/mid-market midscale;  budget/mid-market upscale,,,,Brand_F,Location_F
rfx890,0,9300544,0,2275,,,,,Brand_G,Location_Y
cgr623,5674,6381496,337,2328,budget/mid-market upscale; budget/mid-market midscale; budget/mid-market economy,,,,Brand_F,Location_F
luh192,0,4451392,0,1614,,,,,Brand_G,Location_Y
qzv751,0,19246007,0,984,,,,,Brand_J,Location_A
usl311,0,15957280,0,1769,,,,none,Brand_D,Location_G
iln566,1885,1470645,182,252,,,,,Brand_C,Location_O
vck160,4692,2559770,480,720,,,none / vacant possession,,Brand_H,Location_B
hjv644,0,2124291,0,404,,,,,Brand_J,Location_A
ndh308,20692,3658878,283,883,,,,,Brand_E,Location_A
xcv820,2109,3765394,394,2365,,,,none,Brand_B,Location_H
wda232,3133,5019928,305,2635,full service upscale; full service midscale; budget/mid-market midscale,freehold/fee - simple,,,Brand_F,Location_F
nzu226,0,1830733,0,4055,full service luxury; full service upscale; full service midscale; serviced apartments,,,,Brand_E,Location_A
xtq300,27253,3685020,1266,9865,pub/licensed leisure,,,,Brand_I,Location_O
wtf153,0,20021817,0,707,,,,,Brand_H,Location_B
krn769,0,5285317,0,465,,freehold/fee - simple; leasehold; part freehold / leasehold,,,Brand_H,Location_B
zdv545,4085,4052062,472,1214,,freehold/fee - simple,,,Brand_F,Location_F
yrd414,47653,25866813,733,4194,,,,,Brand_I,Location_O
fwc733,0,4346518,0,3980,,,,,Brand_A,Location_W
kqi829,2605,1730748,417,460,,,,,Brand_B,Location_H
rlt272,0,7471802,0,804,,,,,Brand_H,Location_B
vxx129,0,3372832,0,995,,,,,Brand_H,Location_B
wzn809,0,9104479,0,573,,freehold/fee - simple,,,Brand_A,Location_W
nhl226,0,6656174,0,425,,,,,Brand_I,Location_O
sej283,1667,7508612,132,7381,pub/licensed leisure,,,,Brand_H,Location_B
fot690,0,2284030,0,136,,,,development site; none,Brand_A,Location_W
gsf895,0,5635835,0,979,,freehold/fee - simple; leasehold; part freehold / leasehold,,,Brand_J,Location_A
vem892,6165,2709176,4653,7617,pub/licensed leisure,,brand; brand; brand; franchise; leased operating interest; management; management; management; none / vacant possession; none / vacant possession,,Brand_G,Location_Y
jbh122,0,8916632,0,3521,budget/mid-market upscale; budget/mid-market midscale; budget/mid-market economy,,,,Brand_H,Location_B
ynq786,0,1000267,0,4804,full service luxury; full service upscale; full service midscale; budget/mid-market upscale; budget/mid-market midscale,,,distressed; none; re-positioning potential; value added opportunity,Brand_J,Location_A
rmc522,0,920930,0,2003,,,,,Brand_J,Location_A
jql365,0,149206685,0,313,,,,none,Brand_I,Location_O
ckg797,0,5585720,0,1900,,,,,Brand_G,Location_Y
xir164,0,1613592,0,2686,budget/mid-market midscale;  budget/mid-market upscale,freehold/fee - simple; leasehold,,re-positioning potential; value added opportunity,Brand_C,Location_O
zci889,7129,2723050,747,6963,pub/licensed leisure,,,,Brand_C,Location_O
kmt397,9653,1638701,103,1691,,,,,Brand_B,Location_H
dcl375,0,4307683,0,272,,,,,Brand_B,Location_H
vdc135,3864,1574363,663,6327,,freehold/fee - simple,,,Brand_I,Location_O
dfd623,0,27301670,0,1212,full service luxury; full service upscale; full service midscale; budget/mid-market upscale; budget/mid-market midscale; casino property; pub/licensed leisure; condo; development site; mixed use development; serviced apartments,freehold/fee - simple,,,Brand_E,Location_A
pov743,2380,586060,401,3365,,,,,Brand_B,Location_H
rvs287,5070,5225469,7128,1114,full service luxury; full service upscale; full service midscale; budget/mid-market upscale,,none / vacant possession,,Brand_I,Location_O
dhx639,0,9396666,0,2393,,,none / vacant possession,,Brand_F,Location_F
coe304,47558,12099038,148,6886,budget/mid-market upscale; budget/mid-market midscale; budget/mid-market economy,,,,Brand_D,Location_G
zwp642,8669,1818412,1143,3245,,,,,Brand_D,Location_G
mvx182,12358,4475685,4155,152,pub/licensed leisure,freehold/fee - simple,,,Brand_B,Location_H
zup674,0,33867687,0,3002,,,,none,Brand_I,Location_O
mqs651,15008,4745320,317,728,,,,,Brand_H,Location_B
ukc322,11827,50518839,666,1207,pub/licensed leisure,,,,Brand_J,Location_A
kyn510,44280,14799609,285,1486,,,,,Brand_I,Location_O
nyu542,26804,2008763,2679,522,budget/mid-market midscale;  budget/mid-market upscale,,,none; franchise,Brand_E,Location_A
tcj619,979,10375533,768,5548,,,,,Brand_F,Location_F
gmd352,2220,7402703,158,1798,,leasehold,,,Brand_H,Location_B
sji672,0,1693463,0,422,full service luxury; full service upscale; full service midscale; budget/mid-market upscale; budget/mid-market midscale; budget/mid-market economy,,,,Brand_D,Location_G
nuo613,0,5863361,0,260,,,,,Brand_H,Location_B
ves296,109208,2552612,787,400,,,,,Brand_H,Location_B
pik358,0,2307423,0,1457,,,,,Brand_G,Location_Y
boc750,11042,9906389,562,1057,budget/mid-market upscale; budget/mid-market midscale; budget/mid-market economy,,leased operating interest; management; none / vacant possession; none / vacant possession,,Brand_J,Location_A
xgq666,0,7502863,0,404,,,,,Brand_A,Location_W
aac759,15318,6962050,196,2976,,,,,Brand_I,Location_O
ebu369,12973,12216976,725,540,,,,,Brand_F,Location_F
uql440,1933,6452903,1438,295,pub/licensed leisure,freehold/fee - simple,,none,Brand_I,Location_O
oen878,0,3822536,0,2415,,,,conversion of use; value added opportunity,Brand_E,Location_A
djj259,0,3473076,0,596,,,,,Brand_D,Location_G
hcp184,0,5116571,0,1504,full service upscale,,franchise; none / vacant possession,,Brand_A,Location_W
bjj477,0,7967169,0,353,budget/mid-market upscale; budget/mid-market midscale; budget/mid-market economy,,,,Brand_J,Location_A
tlf241,0,5030027,0,1513,,,,none,Brand_A,Location_W
tdb554,13254,3692062,278,297,,,,,Brand_A,Location_W
ykm852,25861,43324119,885,1774,,,,none,Brand_E,Location_A
zns123,34843,6906124,394,906,budget/mid-market upscale; budget/mid-market midscale; budget/mid-market economy,freehold/fee - simple,,,Brand_E,Location_A
zej483,0,13564712,0,2363,full service luxury; budget/mid-market upscale; budget/mid-market midscale; casino property; pub/licensed leisure; development site; mixed use development,,,,Brand_G,Location_Y
gve547,0,3648012,0,229,,,,,Brand_I,Location_O
kxp712,0,11267406,0,4212,,freehold/fee - simple,none / vacant possession,none; franchise,Brand_D,Location_G
lqd278,0,10111291,0,10848,,,,,Brand_F,Location_F
gqs618,44875,10765065,963,3431,,,,,Brand_H,Location_B
ujy440,11611,7211301,198,2604,full service luxury; full service upscale; casino property; condo; development site; mixed use development; serviced apartments,,,,Brand_B,Location_H
kdo184,0,152693908,0,635,,,,,Brand_D,Location_G
bgo107,0,1098252,0,1913,pub/licensed leisure,,,,Brand_E,Location_A
mxm348,0,1522546,0,1205,,,,none,Brand_D,Location_G
zyb574,69055,9440328,404,477,pub/licensed leisure,,,none,Brand_C,Location_O
pwv186,45444,17982066,160,967,budget/mid-market upscale; budget/mid-market midscale,,brand; franchise; leased operating interest; management,,Brand_D,Location_G
oip512,6876,1511731,733,5033,,,,,Brand_B,Location_H
vuh813,20577,3039367,461,621,,,brand; management; none / vacant possession,,Brand_H,Location_B
orp776,34785,25210811,1097,4401,pub/licensed leisure,,,,Brand_F,Location_F
aon221,4196,2263964,127,451,,,,,Brand_B,Location_H
tip792,1827,7088130,1177,1568,,,,,Brand_B,Location_H
myz128,0,1524435,0,107,full service luxury; full service upscale; full service midscale; budget/mid-market upscale; budget/mid-market midscale; budget/mid-market economy,,,,Brand_H,Location_B
ydi370,2799,12523743,212,268,,,franchise; none / vacant possession; none / vacant possession,,Brand_H,Location_B
msx475,0,916327,0,753,,,,,Brand_H,Location_B
pgt794,6037,2042412,295,578,,,brand,none,Brand_I,Location_O
www311,16494,2891677,187,675,,,,,Brand_G,Location_Y
tcu286,68603,4232045,1922,140,,,leased operating interest; management,,Brand_A,Location_W
mnu577,0,7664420,0,595,pub/licensed leisure,freehold/fee - simple,,,Brand_B,Location_H
nxr210,8502,2785125,1251,470,,freehold/fee - simple; leasehold; part freehold / leasehold,,,Brand_E,Location_A
ynj105,0,8272292,0,1697,,,,development site; none; value added opportunity,Brand_G,Location_Y
tir124,0,4792172,0,6512,,freehold/fee - simple,,none,Brand_F,Location_F
haq849,0,985102,0,2501,,,none / vacant possession,,Brand_A,Location_W
xjv497,1507,2102308,193,542,,,,,Brand_G,Location_Y
geu120,0,5821333,0,319,,,,,Brand_A,Location_W
xxl193,0,3778465,0,889,,,none / vacant possession,,Brand_C,Location_O
zwd769,46743,3035848,1408,158,budget/mid-market upscale; budget/mid-market midscale; budget/mid-market economy,freehold/fee - simple,none / vacant possession,none; franchise,Brand_F,Location_F
sez876,8079,3720246,292,1129,,freehold/fee - simple,,,Brand_H,Location_B
qov568,0,5796939,0,2300,,,,,Brand_A,Location_W
ekv584,0,5687909,0,332,budget/mid-market upscale; budget/mid-market midscale,freehold/fee - simple,,land sale only (leasehold land tenure),Brand_E,Location_A
irl111,0,463737,0,646,,,none / vacant possession,,Brand_E,Location_A
dhy478,6298,2059266,1152,1872,budget/mid-market midscale;  budget/mid-market upscale,,,none,Brand_F,Location_F
mmr737,23001,13688106,577,700,,,,,Brand_D,Location_G
lkh464,0,15050957,0,3680,,,leased operating interest; management; none / vacant possession,none,Brand_I,Location_O
gme145,1462,3532556,1094,1648,,,,none,Brand_F,Location_F
vvx271,13227,2476203,461,3001,,,,,Brand_G,Location_Y
rnp485,0,34719332,0,3351,,,,,Brand_C,Location_O
wsu391,22079,6927588,119,928,,,,,Brand_J,Location_A
fxg478,25682,1555715,25,1984,full service upscale; full service midscale; condo; development site; serviced apartments,,,,Brand_C,Location_O
pss584,2130,2689932,829,671,,,,,Brand_I,Location_O
geg737,0,17351449,0,166,,,,,Brand_E,Location_A
cjw480,0,4464595,0,1046,,freehold/fee - simple,,development site; none; franchise,Brand_E,Location_A
wpz409,4133,5087841,200,1259,,,,conversion of use; distressed; none; re-positioning potential,Brand_J,Location_A
llc680,5100,711642,708,996,budget/mid-market upscale; budget/mid-market midscale; budget/mid-market economy,,,none; franchise,Brand_B,Location_H
dwx567,4679,5185364,1062,2320,full service luxury; full service upscale; full service midscale; budget/mid-market upscale; budget/mid-market midscale; budget/mid-market economy; pub/licensed leisure,,,,Brand_C,Location_O
ofn496,4701,11213819,477,636,budget/mid-market midscale;  budget/mid-market upscale,,,,Brand_H,Location_B
gjs245,2642,6101555,1411,694,,,,,Brand_G,Location_Y
zev743,0,3566626,0,1454,,freehold/fee - simple; leasehold,,,Brand_E,Location_A
add394,2417,4797341,147,745,,freehold/fee - simple,,,Brand_B,Location_H
del780,3722,2588815,139,1313,,,,,Brand_E,Location_A
asv324,0,4543270,0,1943,full service luxury; full service upscale; full service midscale; budget/mid-market upscale; budget/mid-market midscale; development site,,,,Brand_J,Location_A
imm832,0,50240276,0,3042,,,,,Brand_I,Location_O
qcl751,0,33386508,0,1113,budget/mid-market midscale,,,,Brand_H,Location_B
fho893,10855,6398192,663,945,,,,,Brand_D,Location_G
fko762,2927,6583358,605,5677,,,,,Brand_I,Location_O
lmr867,0,14300460,0,579,,,,,Brand_D,Location_G
frc347,24545,7457306,576,692,,,,none,Brand_A,Location_W
fvp750,2316,14783777,632,690,,,,,Brand_H,Location_B
bct274,9998,3390400,624,448,,,,,Brand_J,Location_A
isc414,231026,1839025,2973,1998,budget/mid-market midscale;  budget/mid-market upscale,,,,Brand_J,Location_A
jpe849,8662,1499437,1089,900,,,none / vacant possession,,Brand_G,Location_Y
sfs387,3014,6040897,1104,1320,,freehold/fee - simple,,,Brand_H,Location_B
tcd150,0,9379940,0,1312,full service luxury; full service upscale; full service midscale; budget/mid-market upscale; budget/mid-market midscale; casino property; pub/licensed leisure; condo; development site; mixed use development; serviced apartments,,,,Brand_E,Location_A
axw776,0,2414935,0,1884,,,,,Brand_C,Location_O
vae822,5170,6629431,442,628,,,,,Brand_I,Location_O
uhb180,9988,4858326,695,631,,,,,Brand_G,Location_Y
gqd565,5891,3347854,1092,317,,,,,Brand_A,Location_W
kdg438,19732,6536407,380,5732,,leasehold,,,Brand_J,Location_A
fba597,3174,6187590,1162,999,,,,development site; distressed; none; re-positioning potential; sale and manageback; value added opportunity,Brand_G,Location_Y
gnp566,18294,15323392,807,384,full service luxury; full service upscale; full service midscale; budget/mid-market upscale; budget/mid-market midscale,,,,Brand_J,Location_A
jaj605,0,10777700,0,3469,,,brand; franchise; leased operating interest; management,,Brand_H,Location_B
udd612,0,2035784,0,465,,,,,Brand_F,Location_F
pzo405,0,3020208,0,456,,,,,Brand_H,Location_B
jrx350,0,8454368,0,515,,,,conversion of use; development site; none; value added opportunity,Brand_G,Location_Y
krp452,0,5991985,0,2131,budget/mid-market upscale; budget/mid-market midscale; budget/mid-market economy,,brand; franchise; management; none / vacant possession,,Brand_C,Location_O
osq704,0,2273941,0,3019,,,,,Brand_C,Location_O
hmc582,0,11928938,0,5604,,,,,Brand_J,Location_A
kou302,0,1568407,0,700,,,,,Brand_I,Location_O
ylh158,11656,10166774,437,888,,,,,Brand_E,Location_A
oui235,6930,11135239,521,275,,,,,Brand_D,Location_G
nau291,0,4439822,0,3752,full service upscale,,none / vacant possession,,Brand_F,Location_F
lnq673,0,764610,0,860,,,,distressed; none; re-positioning potential; value added opportunity,Brand_B,Location_H
zky580,0,392286,0,2865,pub/licensed leisure,,,conversion of use; conversion of use; development site; none; re-positioning potential; re-positioning potential; re-positioning potential; value added opportunity; value added opportunity; franchise,Brand_F,Location_F
gxd695,18782,3330087,1452,1180,pub/licensed leisure,,,,Brand_F,Location_F
lyd856,8124,2851193,944,246,,,,,Brand_A,Location_W
iwf378,0,867370,0,535,,freehold/fee - simple,,,Brand_J,Location_A
jqg178,0,4724752,0,1661,,,none / vacant possession,,Brand_F,Location_F
kky490,60723,14634368,1473,258,budget/mid-market upscale; budget/mid-market midscale; budget/mid-market economy,,,,Brand_F,Location_F
mwq894,8928,1916801,2177,303,,,,,Brand_E,Location_A
gbq715,4787,5817473,81,4395,,,none / vacant possession,,Brand_H,Location_B
dbm395,0,4659646,0,170,,,,,Brand_B,Location_H
osf220,0,11086387,0,2269,full service luxury; full service upscale; full service midscale; budget/mid-market upscale; budget/mid-market midscale; casino property; pub/licensed leisure; condo; development site; mixed use development; serviced apartments,freehold/fee - simple,,,Brand_J,Location_A
atc694,1178,7834608,114,3474,,,franchise; none / vacant possession,,Brand_I,Location_O
hth362,0,1653799,0,1719,,freehold/fee - simple,,,Brand_G,Location_Y
ylu300,3472,3868213,630,862,,,brand; franchise; none / vacant possession,,Brand_B,Location_H
nqp890,21632,3610353,2495,2657,,,,conversion of use,Brand_F,Location_F
nxi200,0,7602384,0,109,,,,,Brand_H,Location_B
ydw325,0,2128465,0,1265,,freehold/fee - simple,,,Brand_I,Location_O
rmb450,47562,431116,150,1281,pub/licensed leisure,,,none,Brand_A,Location_W
lwu316,35853,20573519,1299,2145,,,,,Brand_A,Location_W
nsp236,0,1087259,0,1232,pub/licensed leisure,,,,Brand_E,Location_A
zod774,6318,32431306,646,1629,,,,,Brand_I,Location_O
syb696,3559,26989970,82,1452,budget/mid-market midscale;  budget/mid-market upscale,,,,Brand_I,Location_O
nvl612,0,7642018,0,6654,,,,,Brand_I,Location_O
fge639,0,8144342,0,864,,,,,Brand_C,Location_O
std426,0,2842230,0,493,,freehold/fee - simple; leasehold; part freehold / leasehold,none / vacant possession,,Brand_B,Location_H
dvl284,0,3173192,0,970,,,,,Brand_E,Location_A
gos525,0,52585899,0,6083,,freehold/fee - simple,none / vacant possession,,Brand_G,Location_Y
egt846,0,6821096,0,1200,,,,,Brand_J,Location_A
hai407,0,2464259,0,1558,,,,,Brand_E,Location_A
ace424,13429,4925284,469,1677,budget/mid-market midscale;  budget/mid-market upscale,,,,Brand_C,Location_O
xqe767,17128,3707774,234,501,,,,,Brand_D,Location_G
ads326,0,4769816,0,1211,,freehold/fee - simple; leasehold,,,Brand_I,Location_O
pdv649,1619,2862770,251,1160,,freehold/fee - simple; leasehold,,,Brand_F,Location_F
qxx670,9935,125404802,402,8010,,,,,Brand_H,Location_B
hui121,43738,18412999,486,2195,,,,,Brand_D,Location_G
ulf888,0,3495354,0,772,,,,,Brand_B,Location_H
uia865,7787,2541617,99,2665,,,brand; brand; brand; franchise; franchise; leased operating interest; management; management; none / vacant possession,,Brand_D,Location_G
fut361,0,10483169,0,2049,pub/licensed leisure,,,none,Brand_I,Location_O
ayg462,11673,17160735,327,614,,freehold/fee - simple,none / vacant possession,,Brand_D,Location_G
gln288,0,20322821,0,1285,full service luxury; full service upscale; full service midscale; budget/mid-market midscale; casino property,freehold/fee - simple; part freehold / leasehold,,,Brand_C,Location_O
gjk797,24234,8819769,996,886,,,,,Brand_H,Location_B
dcr797,87358,9322591,960,638,,,,none,Brand_G,Location_Y
ums140,6597,3241700,905,927,,,,,Brand_C,Location_O
bts863,0,11978647,0,478,,,none / vacant possession,,Brand_I,Location_O
hbb887,0,10222070,0,1248,,freehold/fee - simple,,,Brand_G,Location_Y
rjt661,0,3974632,0,294,,,,,Brand_D,Location_G
gdf741,0,6035500,0,636,budget/mid-market upscale; budget/mid-market midscale; budget/mid-market economy,,,,Brand_D,Location_G
zng370,0,3289488,0,987,,,,,Brand_I,Location_O
rvf818,8341,7574636,1307,1816,,,,development site; none,Brand_J,Location_A
iao896,1090,4142528,255,1627,,,,,Brand_H,Location_B
aej363,28120,8475140,279,1454,,,,,Brand_F,Location_F
nwt264,0,9191188,0,654,,freehold/fee - simple,,,Brand_E,Location_A
yfb679,0,863434,0,2109,,,,,Brand_E,Location_A
gah277,0,19733834,0,1056,full service upscale; full service midscale; budget/mid-market midscale,,,distressed; forward sale / forward funding; leased operating interest sale only; none; re-positioning potential; sale and leaseback; value added opportunity; freeholder sale only (leasehold asset),Brand_A,Location_W
kkm443,0,901570,0,1634,budget/mid-market midscale;  budget/mid-market upscale,,,,Brand_C,Location_O
vln310,7513,9533787,1668,650,,leasehold; part freehold / leasehold,brand; franchise; leased operating interest; management,,Brand_F,Location_F
ftr421,50436,422475,248,3173,,,,,Brand_I,Location_O
mco381,31745,6227345,252,603,,,,,Brand_G,Location_Y
nmi624,7208,5560289,1146,2151,,,,,Brand_I,Location_O
nbf135,0,3152965,0,2218,full service upscale; full service midscale; budget/mid-market upscale,,,value added opportunity,Brand_G,Location_Y
uqq657,0,1124288,0,831,pub/licensed leisure,,,,Brand_I,Location_O
pbc630,4091,16627066,1447,373,,,,,Brand_A,Location_W
lry318,1252,5598038,283,3036,,,,,Brand_D,Location_G
klx292,0,4907634,0,1422,pub/licensed leisure,,,,Brand_F,Location_F
szn218,32724,1211335,919,984,,,,,Brand_E,Location_A
khw124,0,2369168,0,580,full service luxury; full service upscale; full service midscale; budget/mid-market upscale; budget/mid-market midscale; casino property; pub/licensed leisure; condo; development site; mixed use development; serviced apartments,,,none,Brand_E,Location_A
pld309,0,14452433,0,1407,pub/licensed leisure,,,,Brand_G,Location_Y
slk830,31304,1399224,2158,135,full service luxury; full service upscale; full service midscale; budget/mid-market upscale; budget/mid-market midscale,,none / vacant possession,conversion of use; none; re-positioning potential; value added opportunity; value added opportunity,Brand_B,Location_H
tlh203,0,15145366,0,1196,budget/mid-market upscale; budget/mid-market midscale; budget/mid-market economy,,,,Brand_J,Location_A
tpj778,0,1502321,0,1015,full service luxury,,,,Brand_F,Location_F
kpc442,0,3123917,0,921,,,,,Brand_D,Location_G
gvs899,0,9823796,0,616,budget/mid-market upscale; budget/mid-market midscale; budget/mid-market economy,,,,Brand_I,Location_O
zsm648,0,12870696,0,6321,,,none / vacant possession; none / vacant possession,,Brand_A,Location_W
cqf598,28070,8966730,495,1398,,,,,Brand_G,Location_Y
ivv723,0,3002872,0,1534,,,,,Brand_J,Location_A
njo805,56036,746416,1615,462,,freehold/fee - simple,brand,distressed; none; re-positioning potential; value added opportunity,Brand_B,Location_H
obz259,0,10762891,0,819,,,,,Brand_G,Location_Y
rta672,0,15179854,0,483,,,brand; brand; leased operating interest; management; management; none / vacant possession; none / vacant possession,,Brand_F,Location_F
qdd836,0,2252470,0,6569,,,management,,Brand_I,Location_O
yxr280,0,542011,0,217,,,,,Brand_C,Location_O
mbh848,6155,9786851,100,2598,,,,distressed; none; re-positioning potential; value added opportunity,Brand_H,Location_B
iym316,0,1448885,0,433,,,brand; leased operating interest; management; none / vacant possession,,Brand_B,Location_H
baf507,0,5022049,0,2824,budget/mid-market upscale; budget/mid-market midscale; budget/mid-market economy,,,,Brand_F,Location_F
zuo667,33759,24830589,1167,1158,,,,,Brand_F,Location_F
iwb102,0,4250111,0,1542,budget/mid-market upscale; budget/mid-market midscale,,,,Brand_I,Location_O
yst386,6525,5817056,487,792,,freehold/fee - simple,,land sale only (leasehold land tenure),Brand_I,Location_O
ghs327,10437,5831686,334,3335,,,,none,Brand_D,Location_G
ugr769,0,5920706,0,1736,,,,,Brand_H,Location_B
wnp425,15131,4142445,686,3699,,,brand; brand; franchise; leased operating interest; management; management; none / vacant possession,,Brand_D,Location_G
wng694,5027,5280726,1078,178,,,,,Brand_H,Location_B
bbo244,51887,1177164,144,205,,,,,Brand_A,Location_W
xit721,3763,15308872,963,2615,,,,,Brand_D,Location_G
dtd179,23486,3084090,1086,7104,,,,,Brand_C,Location_O
mir837,21989,2855477,73,646,,freehold/fee - simple,,,Brand_D,Location_G
zas676,2054,4616892,935,734,pub/licensed leisure,,,,Brand_C,Location_O
tsi207,0,3626595,0,4777,,,,none,Brand_G,Location_Y
xcg106,0,4587386,0,154,budget/mid-market upscale; pub/licensed leisure,,,,Brand_A,Location_W
ucf379,0,1374056,0,960,,,,,Brand_G,Location_Y
shl584,0,9571738,0,274,pub/licensed leisure,,,,Brand_H,Location_B
crv307,0,349526,0,246,,,,,Brand_A,Location_W
isd605,0,8657112,0,154,budget/mid-market upscale; budget/mid-market midscale; condo; development site; mixed use development; serviced apartments,,,,Brand_H,Location_B
biw708,3102,2295141,1833,2232,,,,,Brand_D,Location_G
chw184,0,1394864,0,2556,,,,,Brand_J,Location_A
lck850,0,7455337,0,284,,,,,Brand_B,Location_H
ilv222,0,7372364,0,1283,,,,,Brand_C,Location_O
wwv856,0,1809846,0,3423,full service upscale; full service midscale; budget/mid-market midscale; development site; mixed use development,,,none,Brand_J,Location_A
jmu590,0,6216238,0,950,,freehold/fee - simple; leasehold,,,Brand_E,Location_A
yfj324,58223,3226521,219,422,,,,,Brand_A,Location_W
nyj891,10957,7181804,1669,1643,full service luxury; full service upscale; full service midscale; budget/mid-market upscale; budget/mid-market midscale; mixed use development,,,,Brand_E,Location_A
lly742,18757,15295126,71,142,,,,none,Brand_F,Location_F
zgb830,0,7259430,0,730,budget/mid-market upscale; budget/mid-market midscale; budget/mid-market economy,,,,Brand_G,Location_Y
rki823,2756,8456201,3448,396,,,,,Brand_F,Location_F
gum302,0,16941312,0,1821,,,none / vacant possession,none,Brand_A,Location_W
dib342,0,10560497,0,2547,,,,none,Brand_E,Location_A
fpj767,0,915412,0,1105,full service luxury,,,none,Brand_G,Location_Y
hvx167,35961,899543,465,3853,pub/licensed leisure,freehold/fee - simple,,,Brand_A,Location_W
wms541,12572,1867691,1709,625,pub/licensed leisure,,,,Brand_B,Location_H
ysd517,14059,6463119,1340,431,,,brand; franchise; leased operating interest; management,,Brand_E,Location_A
spl762,0,3454058,0,4180,budget/mid-market midscale,,,,Brand_J,Location_A
uwd386,4656,4410938,564,2795,pub/licensed leisure,freehold/fee - simple,,,Brand_F,Location_F
qwo214,41598,3705113,269,474,,,brand; franchise; franchise; management; management; none / vacant possession,,Brand_I,Location_O
ski898,23402,8548066,161,2696,,,brand; franchise; management; none / vacant possession,,Brand_G,Location_Y
ilz191,0,618003,0,175,,freehold/fee - simple; leasehold,,,Brand_I,Location_O
iob320,0,2293443,0,1080,,,,none,Brand_I,Location_O
tky298,0,2622108,0,559,,,,,Brand_D,Location_G
ohw569,41365,1081996,473,526,full service luxury; full service upscale; full service midscale; budget/mid-market upscale; budget/mid-market midscale; casino property; pub/licensed leisure; condo; development site; mixed use development; serviced apartments,,,,Brand_G,Location_Y
gqr462,0,2379089,0,480,,,,,Brand_C,Location_O
adw160,2380,7542179,1970,299,,,,,Brand_C,Location_O
fvi110,9609,56020356,2747,1254,,,,,Brand_B,Location_H
ork854,6306,5282562,502,5340,,,,,Brand_B,Location_H
fzx316,0,2300324,0,1423,,,,,Brand_G,Location_Y
wqk722,11663,4002635,192,2590,,,,,Brand_D,Location_G
qpe280,0,2928583,0,3114,,,,,Brand_F,Location_F
chu266,3411,9399026,308,1697,,,,,Brand_G,Location_Y
isd399,25009,9299776,352,1123,,,,,Brand_G,Location_Y
fjz291,0,2361035,0,579,full service upscale; full service midscale; budget/mid-market upscale; budget/mid-market midscale; budget/mid-market economy,,,,Brand_E,Location_A
med448,0,10097757,0,1974,,,,,Brand_B,Location_H
sfa299,6938,6295877,399,764,full service luxury; full service upscale; full service midscale; budget/mid-market upscale; budget/mid-market midscale; casino property; pub/licensed leisure; condo; development site; mixed use development; serviced apartments,,,,Brand_A,Location_W
ech155,5446,12000426,526,465,,,,,Brand_C,Location_O
edm344,0,24084379,0,4368,full service luxury; full service upscale; full service midscale; budget/mid-market upscale; budget/mid-market midscale; budget/mid-market economy; casino property; pub/licensed leisure; condo; development site; mixed use development; serviced apartments,,,none,Brand_B,Location_H
mpj707,38911,1905919,447,931,,freehold/fee - simple; leasehold,brand; brand; franchise; franchise; leased operating interest; management; none / vacant possession,,Brand_D,Location_G
kbf190,25737,16244391,304,444,,,,,Brand_B,Location_H
sbc661,0,14782626,0,356,,,,,Brand_A,Location_W
rma295,2417,9327111,560,269,,,,,Brand_H,Location_B
mxm840,0,884537,0,2659,,,,,Brand_C,Location_O
rbr725,2453,4654617,378,4313,,,,,Brand_F,Location_F
zxu541,0,17995984,0,1472,,,,,Brand_J,Location_A
hfv361,7816,4303065,372,445,full service midscale; budget/mid-market upscale; budget/mid-market midscale; development site; mixed use development,,,development site; distressed; none; re-positioning potential; value added opportunity,Brand_I,Location_O
fhr206,0,972948,0,1017,,,,,Brand_G,Location_Y
mjw842,11761,2140295,303,343,full service midscale; budget/mid-market upscale; budget/mid-market economy,,,,Brand_C,Location_O
bgs497,18116,4975359,146,1762,,,none / vacant possession,,Brand_I,Location_O
pqy518,0,11865477,0,2819,budget/mid-market midscale;  budget/mid-market upscale,,,land sale only (leasehold land tenure),Brand_G,Location_Y
rzt668,0,6462960,0,2355,budget/mid-market upscale; budget/mid-market midscale; budget/mid-market economy,,brand; franchise; none / vacant possession,,Brand_C,Location_O
lbr843,3047,3112638,365,505,,,,,Brand_A,Location_W
cba653,5250,1409424,575,217,pub/licensed leisure,leasehold,,none; franchise,Brand_J,Location_A
cyc616,0,6026032,0,4635,,,,,Brand_A,Location_W
qzb266,21895,4384935,2087,2343,,freehold/fee - simple,,,Brand_I,Location_O
gpq572,2297,3083524,3758,4947,pub/licensed leisure,,none / vacant possession,,Brand_D,Location_G
cac378,6733,1001192,1609,268,,,,,Brand_J,Location_A
bow260,0,30534086,0,722,,freehold/fee - simple,,,Brand_I,Location_O
yft533,0,13800779,0,238,,,,,Brand_F,Location_F
yhu738,5452,4228423,914,16077,,,,,Brand_E,Location_A
psk646,0,18922539,0,1778,,,,,Brand_I,Location_O
rxl178,0,1685342,0,2284,,,,,Brand_F,Location_F
vlp220,966,8141271,302,2059,budget/mid-market upscale; budget/mid-market midscale; budget/mid-market economy,freehold/fee - simple,,,Brand_D,Location_G
dop897,18372,869710,453,664,full service luxury; full service upscale; full service midscale; budget/mid-market midscale; mixed use development; serviced apartments,,,distressed; none; re-positioning potential,Brand_H,Location_B
cbr207,107992,2179948,371,2109,full service upscale; full service midscale; budget/mid-market upscale; budget/mid-market midscale; budget/mid-market midscale;  budget/mid-market upscale,,brand; franchise; leased operating interest; management,land sale only (leasehold land tenure),Brand_J,Location_A
cog590,74564,11590818,193,1155,full service midscale; budget/mid-market upscale; budget/mid-market midscale; development site,,,,Brand_I,Location_O
byg475,9345,5126130,988,262,,,,none,Brand_H,Location_B
vpq708,0,23690687,0,940,,,,,Brand_C,Location_O
apx660,6711,1485442,293,740,,,,,Brand_E,Location_A
nge227,36159,3833357,1385,520,,,,,Brand_A,Location_W
fib266,36795,4948444,1607,3602,,,,development site; none,Brand_A,Location_W
kcq144,12259,130451935,83,1052,,,none / vacant possession,,Brand_E,Location_A
vlw793,0,9824542,0,2235,budget/mid-market midscale,,,,Brand_J,Location_A
ppo167,10103,6345432,722,1370,,,,,Brand_A,Location_W
slg317,0,8413069,0,1179,pub/licensed leisure,,,,Brand_J,Location_A
lid130,90994,1298271,158,533,,,,,Brand_B,Location_H
gis802,0,1156702,0,208,,,,,Brand_G,Location_Y
rpu223,0,3906774,0,2754,,,,,Brand_H,Location_B
pig856,0,3714792,0,1580,,,,,Brand_J,Location_A
qet103,9541,47037294,2061,431,,,,conversion of use; distressed; none; re-positioning potential; sale and manageback; value added opportunity,Brand_G,Location_Y
mvp438,18527,5794926,889,1075,budget/mid-market upscale; budget/mid-market midscale; budget/mid-market economy,,,,Brand_D,Location_G
atv134,0,9728800,0,35281,,,,,Brand_A,Location_W
aar312,0,2546824,0,2425,,,brand; brand; franchise; management; none / vacant possession,value added opportunity,Brand_I,Location_O
cml268,0,1389335,0,216,,,,,Brand_D,Location_G
tws432,8790,25253734,562,237,,,,,Brand_F,Location_F
xgm557,33891,7078905,192,276,full service luxury; full service upscale; full service midscale; budget/mid-market upscale; budget/mid-market midscale; casino property; pub/licensed leisure; condo; development site; mixed use development; serviced apartments,,,,Brand_J,Location_A
hdt555,0,841794,0,2783,,,,,Brand_I,Location_O
vcx512,0,6637816,0,1536,full service upscale; full service midscale; development site; mixed use development; serviced apartments,,,,Brand_J,Location_A
fpk402,3468,30988255,189,4086,full service luxury; full service midscale; budget/mid-market upscale; budget/mid-market midscale,,,,Brand_H,Location_B
mrm337,24616,7207287,692,432,,,,development site; none,Brand_C,Location_O
ywx842,0,4559448,0,363,full service midscale; budget/mid-market midscale,,,re-positioning potential,Brand_C,Location_O
psw781,0,20412202,0,1363,,,,,Brand_G,Location_Y
ytl420,2184,14324242,379,632,,,,,Brand_C,Location_O
uef720,0,2772416,0,3749,pub/licensed leisure,,,,Brand_E,Location_A
ndv267,6911,9541018,338,1466,,,,,Brand_I,Location_O
ryp489,0,1603128,0,8993,,,,,Brand_D,Location_G
sro254,4367,11927007,1481,478,,,none / vacant possession,,Brand_A,Location_W
mwq628,0,1565666,0,768,,,brand; franchise; leased operating interest; management; none / vacant possession; none / vacant possession,,Brand_E,Location_A
nel164,11619,9435107,1016,569,,freehold/fee - simple; leasehold; part freehold / leasehold,,,Brand_D,Location_G
vdg197,19078,6474849,1212,920,,freehold/fee - simple; leasehold; part freehold / leasehold,,distressed; none; re-positioning potential; value added opportunity; franchise,Brand_D,Location_G
hrv145,2311,4994737,254,1312,,freehold/fee - simple,brand; none / vacant possession,,Brand_A,Location_W
edy472,15156,580444,5794,299,,,,,Brand_F,Location_F
csj354,6767,1275195,388,2568,,,,,Brand_D,Location_G
zmi361,4112,6237704,201,1934,,,,none; franchise,Brand_H,Location_B
agp454,5460,2919490,382,664,full service luxury; full service upscale; condo,,,,Brand_C,Location_O
nnv616,0,1056719,0,296,,,,,Brand_G,Location_Y
mjx702,3451,7212382,568,5598,full service luxury; full service upscale; full service midscale; casino property; development site,,,,Brand_A,Location_W
ues401,13619,19608022,690,3292,budget/mid-market midscale;  budget/mid-market upscale,freehold/fee - simple,,development site; none,Brand_D,Location_G
rjp577,0,2428382,0,1136,,,,,Brand_J,Location_A
utm801,16760,8726540,300,3443,,,,development site; none,Brand_E,Location_A
iou266,0,2886313,0,1059,pub/licensed leisure,,none / vacant possession,,Brand_B,Location_H
hlo468,8920,11614684,808,1311,,,,,Brand_E,Location_A
dkr228,8203,679372,603,1183,,freehold/fee - simple,,,Brand_D,Location_G
jgj159,3929,7053406,146,480,,,,none; franchise,Brand_E,Location_A
qjo673,0,12482495,0,136,,freehold/fee - simple; leasehold,brand; franchise; leased operating interest; management; none / vacant possession,,Brand_E,Location_A
zfs879,0,4425930,0,1032,,freehold/fee - simple,,,Brand_E,Location_A
hcs663,96821,4298862,1576,3395,budget/mid-market midscale;  budget/mid-market upscale,,brand; brand; franchise; leased operating interest; management; management; none / vacant possession; none / vacant possession,,Brand_H,Location_B
rqg680,0,10043697,0,2358,pub/licensed leisure,,none / vacant possession,,Brand_C,Location_O
dmo180,9403,2095086,822,1702,,,leased operating interest; management; none / vacant possession; none / vacant possession,,Brand_C,Location_O
zmd463,0,4711376,0,827,,,,,Brand_F,Location_F
rsd270,2523,3547614,232,1893,pub/licensed leisure,,,conversion of use; conversion of use; conversion of use; distressed; labor union agreement; labor union agreement; none; re-positioning potential; re-positioning potential; value added opportunity; value added opportunity; value added opportunity; value added opportunity,Brand_C,Location_O
umo149,3479,1941894,89,272,full service midscale,,brand; franchise; none / vacant possession,none,Brand_C,Location_O
nqd441,13777,2002429,2458,256,,,,,Brand_G,Location_Y
rtu550,0,373619,0,614,,,,,Brand_J,Location_A
ejx229,7493,6367123,876,13257,full service luxury; full service upscale; development site,,,,Brand_B,Location_H
dbv394,0,12276544,0,1013,budget/mid-market upscale,,,,Brand_A,Location_W
gsg837,5904,1357009,222,810,,,,,Brand_B,Location_H
vya187,0,3645070,0,3678,,freehold/fee - simple,,,Brand_H,Location_B
ogg683,0,5857113,0,839,,,,,Brand_B,Location_H
vrj643,0,935150,0,229,budget/mid-market economy,,brand; brand; franchise; franchise; management; none / vacant possession; none / vacant possession,none,Brand_B,Location_H
bav868,0,18380106,0,4772,,,,,Brand_D,Location_G
cqe160,0,1576262,0,484,,freehold/fee - simple,,none,Brand_J,Location_A
lpn351,0,12072010,0,1553,,,,,Brand_G,Location_Y
noa708,0,10970551,0,611,budget/mid-market upscale; budget/mid-market midscale; budget/mid-market economy,,,,Brand_I,Location_O
uar597,0,7865187,0,490,,,,,Brand_B,Location_H
vcx540,16173,13939804,564,2307,budget/mid-market upscale; budget/mid-market midscale; budget/mid-market economy,,,,Brand_D,Location_G
ewd219,0,23999065,0,597,budget/mid-market upscale; budget/mid-market midscale; budget/mid-market economy,,,,Brand_H,Location_B
bbn305,13341,3126843,624,304,,,,,Brand_A,Location_W
ufc650,0,8079172,0,1188,budget/mid-market upscale; pub/licensed leisure,,,land sale only (leasehold land tenure); none; value added opportunity; franchise,Brand_J,Location_A
czq572,24167,1263919,322,731,pub/licensed leisure,freehold/fee - simple; leasehold; part freehold / leasehold,leased operating interest; management; none / vacant possession,none,Brand_J,Location_A
ahd571,13218,6067904,324,1431,,,none / vacant possession,,Brand_A,Location_W
knr792,8554,3588919,328,602,budget/mid-market upscale; budget/mid-market midscale; budget/mid-market economy,freehold/fee - simple; leasehold,,,Brand_B,Location_H
zad326,0,16983157,0,2854,,,,,Brand_A,Location_W
gxq232,12781,7949087,158,7416,,,,,Brand_G,Location_Y
chz199,5115,3064589,2015,1226,,,,,Brand_A,Location_W
dog487,0,685203,0,1027,,,,,Brand_D,Location_G
wrd771,0,8891561,0,716,,,,,Brand_H,Location_B
mbz251,0,3475577,0,486,,,,none,Brand_J,Location_A
ahx392,0,855099,0,762,,,,,Brand_D,Location_G
fuf677,0,9481143,0,936,,,,,Brand_I,Location_O
hhs798,0,5334432,0,212,,,,,Brand_F,Location_F
jth660,0,6818574,0,505,,part freehold / leasehold,,,Brand_D,Location_G
uqt894,4732,53484924,251,2036,pub/licensed leisure,,,,Brand_I,Location_O
tdt833,0,4882232,0,1551,,,none / vacant possession,,Brand_D,Location_G
gmx818,17751,6892159,436,491,,,,,Brand_D,Location_G
nzt593,14795,451778,319,2181,,,,,Brand_H,Location_B
wsj723,0,1507033,0,736,,,,,Brand_A,Location_W
xew672,7926,10422207,731,1833,full service luxury,,brand; franchise; none / vacant possession,,Brand_J,Location_A
lhp239,0,6246429,0,958,full service luxury; full service upscale; full service midscale; budget/mid-market upscale; budget/mid-market midscale; budget/mid-market economy; casino property; pub/licensed leisure; condo; development site; mixed use development; serviced apartments,,,,Brand_H,Location_B
llj712,0,749653,0,1880,,,,conversion of use; distressed; none; re-positioning potential; value added opportunity; franchise,Brand_B,Location_H
twz378,0,15264997,0,58,,,brand; brand; franchise; management; none / vacant possession,,Brand_C,Location_O
seh373,11538,18000832,615,1386,,,,,Brand_J,Location_A
fgl248,1906,2723748,193,742,,,,none; franchise,Brand_E,Location_A
jmf406,27352,1084758,944,887,,,,,Brand_G,Location_Y
sqm306,0,1941052,0,4800,full service upscale; full service midscale; budget/mid-market upscale; pub/licensed leisure,,,,Brand_J,Location_A
nck314,0,42731014,0,174,,,,land sale only (leasehold land tenure); none,Brand_B,Location_H
klg806,0,32585118,0,292,,,none / vacant possession,,Brand_G,Location_Y
mik365,11345,28421471,1263,1561,,,,,Brand_G,Location_Y
ikr239,7673,7995460,1546,952,,,,none,Brand_F,Location_F
ynu366,0,48144636,0,1329,pub/licensed leisure,,,none,Brand_J,Location_A
wjz187,4438,6963447,1288,688,,freehold/fee - simple,none / vacant possession,conversion of use; development site; distressed; none; portfolio; re-positioning potential; value added opportunity,Brand_F,Location_F
vse422,3010,10837591,99,1037,,,,none,Brand_E,Location_A
pie832,0,2033410,0,55,,,,none,Brand_H,Location_B
pqj496,5532,24116741,398,852,,,,,Brand_F,Location_F
jqy226,0,29405659,0,2773,,,,,Brand_I,Location_O
cxa355,15549,1678887,633,3272,,,none / vacant possession,,Brand_J,Location_A
gic256,0,2903870,0,321,,,,,Brand_G,Location_Y
msz400,0,13825969,0,2500,,,,,Brand_A,Location_W
rpk565,6600,12886174,160,946,,,,,Brand_B,Location_H
rrs668,1412,1005501,205,790,budget/mid-market upscale; budget/mid-market midscale,,brand; franchise; leased operating interest; management,none,Brand_C,Location_O
vtg651,0,7742971,0,6931,,,,none; franchise,Brand_E,Location_A
wxs444,0,6806274,0,1014,pub/licensed leisure,,,,Brand_C,Location_O
lgx897,0,10055278,0,987,,,,,Brand_C,Location_O
bhz597,6474,942472,177,1023,,,,,Brand_D,Location_G
niy883,0,566737,0,2104,,,,,Brand_J,Location_A
qms655,0,1606809,0,884,,,,,Brand_F,Location_F
vyi817,0,1490139,0,2965,full service luxury; full service upscale; full service midscale; mixed use development,,,,Brand_J,Location_A
ble228,0,6977333,0,1982,,,none / vacant possession,,Brand_C,Location_O
oyd691,16587,5326930,168,1421,,freehold/fee - simple,,,Brand_C,Location_O
iyb445,0,6270041,0,299,,,,,Brand_J,Location_A
mzc890,45390,5466655,729,420,,,,,Brand_I,Location_O
lvo279,0,2143200,0,584,,,,none,Brand_D,Location_G
txg443,0,8580051,0,1061,budget/mid-market upscale; budget/mid-market midscale; development site,,,,Brand_C,Location_O
pww801,9553,1248725,193,1393,full service luxury,,,none,Brand_E,Location_A
sdc304,13336,1083228,1043,2028,full service luxury; full service upscale; full service midscale; budget/mid-market upscale; budget/mid-market midscale; casino property; condo,,,gaming; none,Brand_H,Location_B
mjc319,0,2766741,0,10161,,,none / vacant possession,,Brand_D,Location_G
xtm271,0,12918601,0,1637,,,,,Brand_A,Location_W
mrm727,2673,2357153,531,3641,full service upscale; full service midscale,,,,Brand_H,Location_B
oxk820,19103,4477605,307,1911,,,,,Brand_I,Location_O
zjq658,2292,5166594,721,1044,budget/mid-market economy,,,,Brand_C,Location_O
vho223,0,19359312,0,230,,freehold/fee - simple,,none,Brand_F,Location_F
vli118,8441,24019865,640,1827,,,,none,Brand_B,Location_H
cfo296,0,1937730,0,129,,,,development site; none,Brand_E,Location_A
ypu360,0,2953537,0,738,,,,,Brand_G,Location_Y
fyi164,7025,5819393,1269,643,,,,,Brand_J,Location_A
zbq409,2573,2369638,100,498,,,,,Brand_D,Location_G
bfi618,0,3754723,0,344,,,,none,Brand_B,Location_H
qft544,20612,3246571,293,1058,,,,,Brand_C,Location_O
gky704,0,2950684,0,4641,budget/mid-market midscale,,none / vacant possession,,Brand_J,Location_A
ziy884,1803,565386,135,645,,freehold/fee - simple,,,Brand_H,Location_B
rkj409,0,5050237,0,2786,,,,,Brand_D,Location_G
lzr647,7473,1843427,374,3677,pub/licensed leisure,,,,Brand_A,Location_W
tkz186,5507,2837010,195,1574,,,,,Brand_A,Location_W
vbg352,0,627982,0,2876,,,,,Brand_F,Location_F
teu675,0,5704490,0,1219,,,,,Brand_B,Location_H
vhv705,84711,625295,72,1003,,,,,Brand_E,Location_A
lgc809,0,4023097,0,322,budget/mid-market upscale; budget/mid-market midscale; budget/mid-market economy,,,none; re-positioning potential,Brand_G,Location_Y
dfj427,67285,1821025,1409,1974,,,,,Brand_C,Location_O
pgu226,0,3807054,0,1302,full service upscale; full service midscale; budget/mid-market upscale; pub/licensed leisure,,,,Brand_E,Location_A
ugo864,0,21764403,0,1321,,freehold/fee - simple,,,Brand_A,Location_W
mlf778,4450,16625868,127,14619,,,,,Brand_A,Location_W
uoc399,2891,23648903,62,2667,,,brand; franchise; leased operating interest; management,,Brand_F,Location_F
yuq197,6985,5809879,649,1034,,,,,Brand_E,Location_A
rkz742,1686,3686801,317,2718,,freehold/fee - simple; leasehold,,,Brand_E,Location_A
jpr196,4197,1237907,273,272,,,,,Brand_J,Location_A
aro713,0,1115663,0,2576,,,,,Brand_J,Location_A
vim236,0,7643635,0,313,,,,,Brand_J,Location_A
fnv252,0,923054,0,147,,,,,Brand_I,Location_O
zsc208,0,1971462,0,1769,,,,,Brand_A,Location_W
xxz104,0,11018566,0,1131,,,,,Brand_F,Location_F
slj115,52771,8724465,190,6060,full service luxury; full service upscale,,,,Brand_I,Location_O
gto328,0,1692568,0,2378,,,,,Brand_A,Location_W
dfe518,10669,16124523,436,198,budget/mid-market midscale,,,,Brand_B,Location_H
yra847,0,833377,0,828,full service luxury; full service upscale; full service midscale,,,,Brand_B,Location_H
zla479,5317,15244535,1061,1106,,freehold/fee - simple,,,Brand_A,Location_W
oui668,4722,412298,213,2700,full service luxury; full service upscale; full service midscale; budget/mid-market upscale; budget/mid-market midscale; casino property; pub/licensed leisure; condo; development site; mixed use development; serviced apartments,,,,Brand_E,Location_A
kkq259,33594,84908037,495,351,full service luxury; full service upscale; full service midscale; budget/mid-market upscale; mixed use development,,leased operating interest; none / vacant possession,development site; none,Brand_E,Location_A
